frame,time_seconds,mean_magnitude_pixels_per_frame,median_magnitude_pixels_per_frame,maximum_magnitude_pixels_per_frame
1,0.03333580796832467,0.017603563144803047,3.3956730760564824e-08,5.277202606201172
2,0.06667161593664934,0.013276277109980583,1.4962647583161015e-06,3.7996697425842285
3,0.10000742390497401,0.04093767702579498,0.00013901472266297787,4.3682169914245605
4,0.1333432318732987,0.044048309326171875,0.00010063675290439278,40.131202697753906
5,0.16667903984162336,0.04893012344837189,0.0008670494426041842,3.212064504623413
6,0.20001484780994802,0.042454637587070465,0.0010078165214508772,6.171031475067139
7,0.23335065577827271,0.026124663650989532,2.3592274374095723e-05,4.961797714233398
8,0.2666864637465974,0.026697853580117226,1.3995346307638101e-05,7.184529781341553
9,0.3000222717149221,0.03326516970992088,3.518361700116657e-05,19.932870864868164
10,0.3333580796832467,0.055500973016023636,5.83441124035744e-06,20.78033447265625
11,0.3666938876515714,0.05187202990055084,2.360079065510945e-07,51.50135040283203
12,0.40002969561989604,0.0807514563202858,1.2739378689730074e-06,51.5013427734375
13,0.43336550358822074,0.0485834963619709,2.7552209758141544e-06,51.49251937866211
14,0.46670131155654543,0.03005397319793701,1.0646779173839604e-06,2.9576575756073
15,0.5000371195248701,0.05653482675552368,2.648469035193557e-06,51.67570114135742
16,0.5333729274931948,0.03763427585363388,2.099079665640602e-06,51.67576599121094
17,0.5667087354615195,0.047943975776433945,4.253250153851695e-06,51.67574691772461
18,0.6000445434298441,0.048168160021305084,1.078267814591527e-06,51.67572021484375
19,0.6333803513981687,0.06627567857503891,3.802730816460098e-06,51.67559051513672
20,0.6667161593664934,0.0633368194103241,4.9698528528097086e-06,51.67577362060547
21,0.7000519673348181,0.05336485430598259,7.539843409176683e-06,51.70701599121094
22,0.7333877753031428,0.059508971869945526,4.408249878906645e-06,51.716461181640625
23,0.7667235832714675,0.05046341195702553,4.979259756510146e-06,51.71644973754883
24,0.8000593912397921,0.06111125648021698,9.127796147367917e-06,51.71644592285156
25,0.8333951992081168,0.04451771080493927,7.715792889939621e-06,51.33824157714844
26,0.8667310071764415,0.09553706645965576,5.858813165104948e-05,53.068660736083984
27,0.9000668151447662,0.04731030762195587,3.340219700476155e-05,52.926387786865234
28,0.9334026231130909,0.03919720649719238,3.052998363273218e-05,27.153291702270508
29,0.9667384310814156,0.16796594858169556,0.003549441695213318,59.639774322509766
30,1.0000742390497401,0.02055865153670311,1.238692675542552e-05,13.85391902923584
31,1.033410047018065,0.05581522732973099,3.4238892112625763e-06,14.643010139465332
32,1.0667458549863895,0.10357476770877838,3.0269354738265974e-06,14.14083194732666
33,1.100081662954714,0.14955201745033264,3.586081220419146e-06,13.503560066223145
34,1.133417470923039,0.16567683219909668,9.185010867440724e-07,14.412809371948242
35,1.1667532788913635,0.15478073060512543,5.083891664980911e-06,12.101381301879883
36,1.2000890868596883,0.13749393820762634,6.758578820154071e-06,14.920108795166016
37,1.2334248948280129,0.13385768234729767,1.543831967865117e-05,18.75858497619629
38,1.2667607027963375,0.1682160496711731,9.773693818715401e-06,23.326669692993164
39,1.3000965107646623,0.2068285197019577,8.131522918120027e-05,17.031219482421875
40,1.3334323187329868,0.20396511256694794,5.429442535387352e-05,16.541860580444336
41,1.3667681267013116,0.21825329959392548,0.000376311392756179,15.435925483703613
42,1.4001039346696362,0.2496827393770218,0.0011392587330192327,20.096601486206055
43,1.4334397426379608,0.25319305062294006,0.0022499333135783672,18.507658004760742
44,1.4667755506062856,0.2585684061050415,0.0030494944658130407,17.118465423583984
45,1.5001113585746102,0.2769164443016052,0.0022743861190974712,63.84674072265625
46,1.533447166542935,0.2624436318874359,0.0010555943008512259,14.70538330078125
47,1.5667829745112596,0.2504690885543823,0.000669015571475029,18.296184539794922
48,1.6001187824795842,0.2803512513637543,0.0007993869949132204,16.312166213989258
49,1.633454590447909,0.3091907501220703,0.0018494459800422192,17.000411987304688
50,1.6667903984162336,0.27092573046684265,0.0009538580779917538,16.928625106811523
51,1.7001262063845584,0.28675714135169983,0.0007931143045425415,17.6824893951416
52,1.733462014352883,0.24794213473796844,0.0010133450850844383,12.991792678833008
53,1.7667978223212075,0.20220689475536346,0.0019872458651661873,11.783051490783691
54,1.8001336302895323,0.17540580034255981,0.00104530097451061,12.020027160644531
55,1.833469438257857,0.2518642544746399,0.001538112061098218,82.51399993896484
56,1.8668052462261817,0.15772895514965057,0.0016921733040362597,6.540885925292969
57,1.9001410541945063,0.19789735972881317,0.0033142066095024347,12.190268516540527
58,1.933476862162831,0.21710427105426788,0.007135558873414993,6.7798261642456055
59,1.9668126701311557,0.23627696931362152,0.0018066116608679295,8.50610065460205
60,2.0001484780994803,0.13489128649234772,0.0012682569213211536,8.924250602722168
61,2.033484286067805,0.07929793000221252,0.0010500919306650758,3.9985570907592773
62,2.06682009403613,0.05024198070168495,0.00045392970787361264,2.3896281719207764
63,2.1001559020044542,0.04007643088698387,8.507384336553514e-05,1.7353602647781372
64,2.133491709972779,0.11020061373710632,0.0007112068124115467,5.228527545928955
65,2.166827517941104,0.06001366674900055,0.000276319362455979,3.742393970489502
66,2.200163325909428,0.09185173362493515,0.0008114166557788849,3.958986759185791
67,2.233499133877753,0.07090894877910614,0.0005027903243899345,17.298919677734375
68,2.266834941846078,0.057495322078466415,0.00031539323390461504,4.1554436683654785
69,2.300170749814402,0.08629027009010315,0.001151813194155693,4.005064964294434
70,2.333506557782727,0.07210013270378113,0.0002683902275748551,5.127877712249756
71,2.366842365751052,0.04692915454506874,0.00017087871674448252,3.1043262481689453
72,2.4001781737193766,0.08014137297868729,0.0001713335223030299,41.26626205444336
73,2.433513981687701,0.05238109081983566,0.00025137397460639477,5.223794460296631
74,2.4668497896560257,0.06458740681409836,0.00011200018343515694,3.8025450706481934
75,2.5001855976243506,0.07187154144048691,3.706475399667397e-05,4.595456600189209
76,2.533521405592675,0.06312786042690277,4.245837408234365e-05,6.484729290008545
77,2.5668572135609997,0.06397424638271332,0.0002611735253594816,6.337635517120361
78,2.6001930215293245,0.05217742174863815,0.00010046333045465872,2.9374067783355713
79,2.6335288294976493,0.04744341969490051,0.0001520187797723338,2.341484308242798
80,2.6668646374659737,0.07234353572130203,0.000664857099764049,4.656168460845947
81,2.7002004454342985,0.05635889992117882,0.001355817774310708,2.2843122482299805
82,2.7335362534026233,0.04642491787672043,0.0008524953154847026,1.7432756423950195
83,2.7668720613709477,0.040570538491010666,0.000733832479454577,3.3233296871185303
84,2.8002078693392725,0.05646330863237381,0.0022339029237627983,2.654886484146118
85,2.8335436773075973,0.049767300486564636,0.0014475679490715265,3.269235134124756
86,2.8668794852759216,0.04245452210307121,0.00046761607518419623,2.2753703594207764
87,2.9002152932442464,0.04358716309070587,0.0007397609297186136,2.5550363063812256
88,2.9335511012125712,0.1288945972919464,0.007642157841473818,3.549470901489258
89,2.966886909180896,0.09194126725196838,0.0012050606310367584,5.934118270874023
90,3.0002227171492204,0.12118051946163177,0.001769106020219624,5.674259662628174
91,3.033558525117545,0.1831689327955246,0.0021405122242867947,1.978714108467102
92,3.06689433308587,0.3683733344078064,0.002076753880828619,3.0892844200134277
93,3.1002301410541944,0.5764742493629456,0.0020910438615828753,4.52827262878418
94,3.133565949022519,0.6648471355438232,0.002121265511959791,4.702123165130615
95,3.166901756990844,0.6883834004402161,0.0014146280009299517,5.400569438934326
96,3.2002375649591683,0.7287560701370239,0.001873160246759653,7.297723293304443
97,3.233573372927493,0.7421610355377197,0.001265128841623664,8.038995742797852
98,3.266909180895818,0.7676474452018738,0.0011272637639194727,6.801466464996338
99,3.3002449888641427,0.7992953062057495,0.0015026892069727182,7.720178127288818
100,3.333580796832467,0.872093677520752,0.0019251201301813126,7.167119026184082
101,3.366916604800792,0.9196869730949402,0.0022407800424844027,7.849792957305908
102,3.4002524127691167,0.9248059391975403,0.0019885406363755465,7.6270341873168945
103,3.433588220737441,0.9130120873451233,0.0015370724722743034,18.67946434020996
104,3.466924028705766,0.8981450200080872,0.0036547109484672546,14.028799057006836
105,3.5002598366740907,0.813762366771698,0.002058831276372075,14.901144027709961
106,3.533595644642415,0.8395829796791077,0.0024076823610812426,9.381976127624512
107,3.56693145261074,0.8342635631561279,0.002591459546238184,9.177591323852539
108,3.6002672605790647,0.821334183216095,0.004872334189713001,9.039581298828125
109,3.6336030685473895,0.7539852261543274,0.0027943153399974108,6.4100165367126465
110,3.666938876515714,0.8330061435699463,0.004162004683166742,27.26034164428711
111,3.7002746844840386,0.7588328123092651,0.003311202861368656,6.007922649383545
112,3.7336104924523634,0.762188196182251,0.004911594558507204,5.6788330078125
113,3.766946300420688,0.7733107805252075,0.005098437890410423,26.209074020385742
114,3.8002821083890126,0.7503979802131653,0.0026512860786169767,7.413559913635254
115,3.8336179163573374,0.7337639331817627,0.002103152684867382,6.565554618835449
116,3.866953724325662,0.7287091612815857,0.002773039508610964,8.044231414794922
117,3.9002895322939866,0.7364881038665771,0.0069298334419727325,56.43623352050781
118,3.9336253402623114,0.6470773816108704,0.004050565883517265,5.153502941131592
119,3.966961148230636,0.6300567388534546,0.0027296801563352346,6.115841865539551
120,4.0002969561989605,0.6178843379020691,0.00354387192055583,9.326568603515625
121,4.033632764167286,0.6037279367446899,0.0036685275845229626,8.576372146606445
122,4.06696857213561,0.6480902433395386,0.00260555325075984,86.07987213134766
123,4.1003043801039345,0.6497650146484375,0.003016115166246891,12.048670768737793
124,4.13364018807226,0.6207753419876099,0.0026887794956564903,4.526177883148193
125,4.166975996040584,0.5616220831871033,0.00351501046679914,4.443093299865723
126,4.2003118040089085,0.6281641125679016,0.002322997897863388,5.162039756774902
127,4.233647611977234,0.6416201591491699,0.0024220109917223454,7.037636756896973
128,4.266983419945558,0.622689425945282,0.0022112480364739895,40.98700714111328
129,4.300319227913882,0.675329327583313,0.0022417909931391478,37.43534851074219
130,4.333655035882208,0.5882207155227661,0.0020185690373182297,13.26619815826416
131,4.366990843850532,0.5759740471839905,0.0021988668013364077,8.235782623291016
132,4.400326651818856,0.6083218455314636,0.0021619698964059353,14.12243366241455
133,4.433662459787182,0.5239354372024536,0.002217255998402834,5.149231433868408
134,4.466998267755506,0.44737768173217773,0.001581723103299737,3.779385805130005
135,4.50033407572383,0.4480423927307129,0.0014686381909996271,3.4627902507781982
136,4.533669883692156,0.3876291811466217,0.0012894982937723398,3.6645679473876953
137,4.56700569166048,0.4246493875980377,0.0023744809441268444,5.29987907409668
138,4.600341499628804,0.38752293586730957,0.0014784340746700764,4.7305731773376465
139,4.63367730759713,0.3728485703468323,0.001631713705137372,3.3784825801849365
140,4.667013115565454,0.3825990855693817,0.0023592785000801086,6.58941650390625
141,4.700348923533779,0.35458192229270935,0.0038507883436977863,3.1683595180511475
142,4.733684731502104,0.3910338580608368,0.0018151599215343595,3.5166828632354736
143,4.767020539470428,0.3924943208694458,0.0018074854742735624,4.793441295623779
144,4.800356347438753,0.42371320724487305,0.0026269920635968447,10.088764190673828
145,4.8336921554070775,0.4291883707046509,0.004040684085339308,11.618335723876953
146,4.867027963375402,0.5066935420036316,0.0019654352217912674,7.667446613311768
147,4.900363771343727,0.5187931060791016,0.00574085395783186,4.985173225402832
148,4.9336995793120515,0.5039279460906982,0.0011156224645674229,4.995530605316162
149,4.967035387280376,0.5283117294311523,0.0013221551198512316,14.663522720336914
150,5.000371195248701,0.5643242597579956,0.00099018937908113,5.225374221801758
151,5.0337070032170255,0.49322161078453064,0.0009404942393302917,5.029417991638184
152,5.06704281118535,0.5146427154541016,0.0023618729319423437,5.126695156097412
153,5.100378619153675,0.512614905834198,0.0019158784998580813,5.097582817077637
154,5.133714427121999,0.4153951108455658,0.0001815702999010682,4.968114376068115
155,5.167050235090324,0.4490891993045807,0.000509013538248837,5.323315620422363
156,5.200386043058649,0.47013059258461,0.0021681548096239567,5.473190784454346
157,5.233721851026973,0.46713054180145264,0.002557985484600067,8.025629997253418
158,5.267057658995299,0.37817415595054626,0.00011652287503238767,11.14185619354248
159,5.300393466963623,0.4286847710609436,0.0014028921723365784,11.440095901489258
160,5.333729274931947,0.3666329085826874,0.0018716491758823395,9.44428825378418
161,5.367065082900273,0.31558096408843994,0.0026291515678167343,7.376881122589111
162,5.400400890868597,0.3364936113357544,0.0015242088120430708,8.046480178833008
163,5.433736698836921,0.28749778866767883,0.0015372904017567635,6.524987697601318
164,5.467072506805247,0.2695187032222748,0.001810169778764248,5.00676965713501
165,5.500408314773571,0.24596193432807922,0.0023830467835068703,4.254872798919678
166,5.533744122741895,0.24372237920761108,0.0013020739424973726,5.26312780380249
167,5.567079930710221,0.1985250860452652,0.0012452788650989532,5.3666768074035645
168,5.600415738678545,0.23054684698581696,0.002220296300947666,4.411990642547607
169,5.633751546646869,0.23818223178386688,0.004562540911138058,7.247852802276611
170,5.6670873546151945,0.185751274228096,0.00037190946750342846,5.5814738273620605
171,5.700423162583519,0.2465321272611618,0.0034769889898598194,5.407926559448242
172,5.733758970551843,0.1653905063867569,0.0017718758899718523,4.97445011138916
173,5.7670947785201685,0.17347735166549683,0.003121311077848077,5.687058448791504
174,5.800430586488493,0.20553432404994965,0.001708695199340582,4.764016628265381
175,5.833766394456817,0.1598253846168518,0.002341285813599825,5.547504901885986
176,5.8671022024251425,0.11468717455863953,0.0037133207079023123,3.4890427589416504
177,5.900438010393467,0.08633491396903992,0.0001189684116980061,2.7285079956054688
178,5.933773818361792,0.16696777939796448,0.0008905578870326281,4.06670618057251
179,5.967109626330116,0.2129472941160202,0.0018214916344732046,3.951298713684082
180,6.000445434298441,0.1879727989435196,0.0009109003003686666,4.441267967224121
181,6.033781242266766,0.146830216050148,0.00099046784453094,3.2969014644622803
182,6.06711705023509,0.15701180696487427,0.0014131837524473667,5.369904518127441
183,6.100452858203415,0.12508375942707062,0.0009532233816571534,4.616233825683594
184,6.13378866617174,0.14309561252593994,0.0011855373159050941,4.807687282562256
185,6.167124474140064,0.12279529124498367,0.0015124507481232285,3.508700132369995
186,6.200460282108389,0.13162605464458466,0.001012196415103972,3.6985480785369873
187,6.233796090076714,0.15370430052280426,0.002010934054851532,3.476485252380371
188,6.267131898045038,0.14571517705917358,0.0022405250929296017,3.4594645500183105
189,6.300467706013363,0.14687864482402802,0.0034074061550199986,5.895134925842285
190,6.333803513981688,0.11909951269626617,4.887363684247248e-05,4.1468400955200195
191,6.367139321950012,0.10034482181072235,0.0005419978406280279,3.8795533180236816
192,6.400475129918337,0.10311035066843033,0.0012950031086802483,2.8137857913970947
193,6.433810937886662,0.1460014134645462,0.0021590963006019592,3.8238728046417236
194,6.467146745854986,0.11342082917690277,0.0009887414053082466,4.026810646057129
195,6.5004825538233115,0.08357257395982742,0.0006727422587573528,3.3793275356292725
196,6.533818361791636,0.1422939896583557,0.0020654117688536644,3.6446235179901123
197,6.56715416975996,0.15697960555553436,0.0022870523389428854,4.211550235748291
198,6.6004899777282855,0.10899437963962555,0.0024120835587382317,2.820829153060913
199,6.63382578569661,0.1139780580997467,0.0014580306597054005,3.5202038288116455
200,6.667161593664934,0.07810720801353455,0.001058987807482481,2.099222421646118
201,6.7004974016332595,0.06120586395263672,0.0013188126031309366,1.7486860752105713
202,6.733833209601584,0.07316015660762787,0.0008403644314967096,3.4768788814544678
203,6.767169017569908,0.07264091074466705,0.0009420726564712822,2.337799310684204
204,6.800504825538233,0.06845954060554504,0.000901811639778316,2.496494770050049
205,6.833840633506558,0.0868978351354599,0.002288015093654394,5.272575378417969
206,6.867176441474882,0.12083619087934494,0.003988156095147133,3.6899807453155518
207,6.900512249443207,0.057882487773895264,6.923808541614562e-06,14.219539642333984
208,6.933848057411532,0.12144242227077484,0.0001794704730855301,58.099754333496094
209,6.967183865379856,0.11819985508918762,0.000524612667504698,81.67952728271484
210,7.000519673348181,0.12187439948320389,0.0011747819371521473,75.63192749023438
211,7.033855481316506,0.04953669756650925,0.00047923129750415683,2.8369264602661133
212,7.06719128928483,0.10042421519756317,0.0012693125754594803,4.641452789306641
213,7.100527097253155,0.06219709664583206,0.001151717035099864,3.7476320266723633
214,7.13386290522148,0.038277700543403625,0.00017263430345337838,4.665302276611328
215,7.167198713189805,0.026354720816016197,0.00012276916822884232,2.8912160396575928
216,7.200534521158129,0.014250624924898148,3.1714962460682727e-06,2.584446668624878
217,7.233870329126454,0.02341550588607788,0.00047451257705688477,2.873541831970215
218,7.267206137094779,0.017633290961384773,0.00024138091248460114,2.3908934593200684
219,7.300541945063103,0.01596766896545887,0.00031636672792956233,2.459538698196411
220,7.333877753031428,0.062186822295188904,0.0008042858680710196,4.471909523010254
221,7.367213560999753,0.06792732328176498,0.0013640346005558968,64.87382507324219
222,7.400549368968077,0.1062905415892601,0.0016044866060838103,62.52432632446289
223,7.433885176936402,0.03986725956201553,0.0009205664973706007,9.877498626708984
224,7.467220984904727,0.028845936059951782,0.001649439800530672,3.0792136192321777
225,7.500556792873051,0.02815980464220047,0.0011279101017862558,1.7976207733154297
226,7.533892600841376,0.023940522223711014,0.0004955900949425995,1.735190987586975
227,7.567228408809701,0.05894310772418976,0.0004435654846020043,2.856698989868164
228,7.600564216778025,0.030930139124393463,0.0004056692705489695,2.0115604400634766
229,7.6339000247463495,0.01953110657632351,0.0009415537351742387,1.756313681602478
230,7.667235832714675,0.021412929520010948,0.0003050673985853791,2.0459494590759277
231,7.700571640682999,0.057234928011894226,0.0007168634328991175,2.945044994354248
232,7.733907448651324,0.03277793154120445,0.0007631841581314802,3.339909076690674
233,7.767243256619649,0.0354950875043869,0.0012711375020444393,3.0220632553100586
234,7.800579064587973,0.026307497173547745,0.0005429278826341033,1.9004038572311401
235,7.833914872556298,0.07616949081420898,0.005129709839820862,3.4533560276031494
236,7.867250680524623,0.011835942976176739,0.0003502441686578095,1.2801955938339233
237,7.900586488492947,0.0462769977748394,0.0011329976841807365,2.8751134872436523
238,7.933922296461272,0.0396924652159214,0.0011828250717371702,2.920391082763672
239,7.967258104429597,0.021440604701638222,0.0009387088939547539,1.783605933189392
240,8.000593912397921,0.04623003304004669,0.0012012571096420288,2.6990809440612793
241,8.033929720366245,0.033424608409404755,0.0019770292565226555,2.0696310997009277
242,8.067265528334572,0.028554260730743408,0.0008951296331360936,2.963082790374756
243,8.100601336302896,0.016705729067325592,0.0007458149921149015,1.2989070415496826
244,8.13393714427122,0.01739870384335518,0.0008655916899442673,2.5551633834838867
245,8.167272952239545,0.057553164660930634,0.0012586000375449657,3.32611083984375
246,8.200608760207869,0.024740008637309074,0.00017479926464147866,2.994171142578125
247,8.233944568176193,0.020152561366558075,0.0002600966836325824,2.038952350616455
248,8.26728037614452,0.0405794121325016,0.00010120960359927267,3.098227024078369
249,8.300616184112844,0.021558739244937897,0.0006912967073731124,1.901999592781067
250,8.333951992081168,0.04241172969341278,0.0001066496770363301,3.1287221908569336
251,8.367287800049493,0.05005954951047897,0.0001566197315696627,2.9462671279907227
252,8.400623608017817,0.04829370230436325,0.0005122019210830331,3.2450499534606934
253,8.433959415986141,0.023145735263824463,0.000686036772094667,1.837100625038147
254,8.467295223954467,0.011943803168833256,4.2857609514612705e-06,2.5387725830078125
255,8.500631031922792,0.01308199018239975,6.50253496132791e-05,1.689902901649475
256,8.533966839891116,0.020789049565792084,0.000664388935547322,1.9854967594146729
257,8.56730264785944,0.009324152022600174,2.201407914981246e-05,1.6640101671218872
258,8.600638455827765,0.007769401650875807,4.263065420673229e-06,1.4506714344024658
259,8.63397426379609,0.0070856716483831406,2.945932010334218e-06,1.2076560258865356
260,8.667310071764415,0.04888773337006569,1.4477049262495711e-05,5.25545072555542
261,8.70064587973274,0.03260984644293785,3.528534944052808e-05,2.484423875808716
262,8.733981687701064,0.01516430452466011,2.2020592496119207e-06,1.6436026096343994
263,8.767317495669388,0.00691632367670536,1.1587310382310534e-06,1.5530083179473877
264,8.800653303637713,0.007841987535357475,2.844231858034618e-06,1.7303451299667358
265,8.833989111606039,0.08180108666419983,0.005765048786997795,2.445688009262085
266,8.867324919574363,0.014663983136415482,3.29164722643327e-05,2.162118434906006
267,8.900660727542688,0.022385604679584503,7.861215635784902e-06,2.7863242626190186
268,8.933996535511012,0.053658973425626755,8.4166804299457e-06,3.541257619857788
269,8.967332343479336,0.01978529617190361,1.4557125723513309e-05,1.9934096336364746
270,9.00066815144766,0.04440407454967499,7.898901458247565e-06,2.908440589904785
271,9.034003959415987,0.061438485980033875,0.00014575767272617668,3.463299036026001
272,9.067339767384311,0.04517273232340813,0.00021312978060450405,4.842976093292236
273,9.100675575352636,0.01981503516435623,0.00023448052525054663,3.9790236949920654
274,9.13401138332096,0.0424485020339489,3.80391938961111e-05,37.12092590332031
275,9.167347191289284,0.0726490244269371,1.9990242435596883e-05,35.68674087524414
276,9.200682999257609,0.05125579982995987,3.906513302354142e-05,31.558460235595703
277,9.234018807225935,0.01890436001121998,8.561709546484053e-05,5.849118232727051
278,9.26735461519426,0.017363987863063812,5.4654803534504026e-05,12.059335708618164
279,9.300690423162584,0.08188004046678543,0.0003996580489911139,36.68718719482422
280,9.334026231130908,0.05983666703104973,0.0004296668339520693,52.10609817504883
281,9.367362039099232,0.056952040642499924,0.0004891833523288369,48.30341720581055
282,9.400697847067558,0.09473118185997009,0.0005441246321424842,47.3518180847168
283,9.434033655035883,0.04762706905603409,0.0003621468786150217,3.83756160736084
284,9.467369463004207,0.025999419391155243,0.0002175877889385447,3.202570676803589
285,9.500705270972531,0.020863309502601624,0.0009564927313476801,1.4709631204605103
286,9.534041078940856,0.022913921624422073,9.077403228729963e-05,2.955423355102539
287,9.56737688690918,0.08228082209825516,0.0021033468656241894,7.128532409667969
288,9.600712694877506,0.05210079252719879,0.0027533425018191338,3.285285472869873
289,9.63404850284583,0.03647998720407486,0.0003940901078749448,6.1611833572387695
290,9.667384310814155,0.10785092413425446,0.00253513315692544,5.972343444824219
291,9.70072011878248,0.06052713096141815,0.0006792854983359575,6.205517292022705
292,9.734055926750804,0.06131879612803459,0.0019603041000664234,2.125875234603882
293,9.767391734719128,0.07686382532119751,0.004002702422440052,3.3973653316497803
294,9.800727542687454,0.10140139609575272,0.005627747625112534,2.4621288776397705
295,9.834063350655779,0.03105214238166809,0.00016281397256534547,2.3184940814971924
296,9.867399158624103,0.0460156612098217,0.00019290571799501777,2.8237414360046387
297,9.900734966592427,0.07172951102256775,0.0009385470766574144,3.5526058673858643
298,9.934070774560752,0.05886595696210861,0.00039588514482602477,2.1847691535949707
299,9.967406582529078,0.06533484160900116,0.0009918281575664878,2.655977964401245
300,10.000742390497402,0.10089334100484848,0.0012606785167008638,3.3729240894317627
301,10.034078198465727,0.08030310273170471,0.002487114630639553,3.126513957977295
302,10.067414006434051,0.06668728590011597,0.0006629386334680021,2.090250015258789
303,10.100749814402375,0.09298350661993027,0.0013534857425838709,2.784348964691162
304,10.1340856223707,0.12145251780748367,0.0012330496683716774,3.558377981185913
305,10.167421430339026,0.0927593782544136,0.0022258316166698933,6.047759056091309
306,10.20075723830735,0.12626393139362335,0.0006757542723789811,6.294131278991699
307,10.234093046275675,0.19258373975753784,0.001098147826269269,5.996504783630371
308,10.267428854243999,0.13747341930866241,0.0009359454270452261,3.473580837249756
309,10.300764662212323,0.111751489341259,0.0034911511465907097,3.210707426071167
310,10.334100470180648,0.09901066869497299,0.0004038003971800208,2.501392364501953
311,10.367436278148974,0.18736375868320465,0.0007384505588561296,4.170518398284912
312,10.400772086117298,0.13058842718601227,0.0011613026726990938,2.9355716705322266
313,10.434107894085622,0.1258321851491928,0.0037637341301888227,3.4837758541107178
314,10.467443702053947,0.12226653099060059,0.0004063803353346884,2.760039806365967
315,10.500779510022271,0.11334554105997086,0.002510726684704423,3.0803868770599365
316,10.534115317990597,0.12667793035507202,0.0008301516063511372,3.5035881996154785
317,10.567451125958922,0.16259121894836426,0.01445389911532402,4.0973124504089355
318,10.600786933927246,0.13960899412631989,0.005735564045608044,3.176502227783203
319,10.63412274189557,0.10234960913658142,0.0021312152966856956,3.5211052894592285
320,10.667458549863895,0.1588035523891449,0.003214258700609207,4.081511497497559
321,10.700794357832219,0.2064259797334671,0.0030882214196026325,5.102209091186523
322,10.734130165800545,0.15540654957294464,0.001325160963460803,5.1992340087890625
323,10.76746597376887,0.19000911712646484,0.0012683700770139694,6.966949462890625
324,10.800801781737194,0.25766080617904663,0.005427762866020203,7.518698215484619
325,10.834137589705518,0.17932356894016266,0.00040104315849021077,5.507862091064453
326,10.867473397673843,0.25715067982673645,0.005446072667837143,6.200636863708496
327,10.900809205642167,0.24753782153129578,0.0028933018911629915,8.24793815612793
328,10.934145013610493,0.23036469519138336,0.001648611854761839,7.993319034576416
329,10.967480821578818,0.3176162540912628,0.0037054307758808136,10.866718292236328
330,11.000816629547142,0.2982899248600006,0.002450916450470686,11.926482200622559
331,11.034152437515466,0.31025949120521545,0.002095338422805071,13.962257385253906
332,11.06748824548379,0.30449289083480835,0.0021788044832646847,14.28442096710205
333,11.100824053452115,0.34857308864593506,0.003199273720383644,7.221419334411621
334,11.134159861420441,0.33210721611976624,0.0011297925375401974,4.596450328826904
335,11.167495669388765,0.28845977783203125,0.002327325288206339,3.8665294647216797
336,11.20083147735709,0.2991396486759186,0.002280012471601367,3.748168468475342
337,11.234167285325414,0.30783453583717346,0.0039026851300150156,3.71250319480896
338,11.267503093293739,0.31488192081451416,0.0014492749469354749,3.815084934234619
339,11.300838901262065,0.297641396522522,0.0016415135469287634,3.5269789695739746
340,11.334174709230389,0.3157828152179718,0.001452252035960555,3.5694382190704346
341,11.367510517198713,0.2839668393135071,0.0035289768129587173,3.5778908729553223
342,11.400846325167038,0.2811223268508911,0.0019312482327222824,3.3065335750579834
343,11.434182133135362,0.3499581217765808,0.0023194504901766777,4.172206401824951
344,11.467517941103686,0.34530919790267944,0.0025574362371116877,6.130168914794922
345,11.500853749072013,0.3419725000858307,0.003378329798579216,5.104024410247803
346,11.534189557040337,0.354262113571167,0.0020158877596259117,3.8904426097869873
347,11.567525365008661,0.37308475375175476,0.002087483648210764,3.9238202571868896
348,11.600861172976986,0.3883170485496521,0.014140710234642029,3.741150379180908
349,11.63419698094531,0.41434067487716675,0.007955591194331646,3.80790638923645
350,11.667532788913634,0.39468538761138916,0.0034874866250902414,3.9934065341949463
351,11.70086859688196,0.4040953814983368,0.0025536809116601944,4.2219767570495605
352,11.734204404850285,0.4355531930923462,0.0035871288273483515,4.624912261962891
353,11.76754021281861,0.4588167369365692,0.002250548219308257,4.2576212882995605
354,11.800876020786934,0.49907949566841125,0.007113351486623287,4.75441312789917
355,11.834211828755258,0.4414219260215759,0.00045108009362593293,6.029273986816406
356,11.867547636723584,0.4488111734390259,0.00116467266343534,4.092243194580078
357,11.900883444691909,0.4488893151283264,0.002261967631056905,3.935380220413208
358,11.934219252660233,0.4678683280944824,0.0018566896906122565,3.972156047821045
359,11.967555060628557,0.43596351146698,0.002193245105445385,3.5719263553619385
360,12.000890868596882,0.4888865649700165,0.002091958886012435,5.370682239532471
361,12.034226676565206,0.5636469721794128,0.0033557608257979155,5.848662853240967
362,12.067562484533532,0.5631346106529236,0.0017422707751393318,4.282895565032959
363,12.100898292501856,0.5936107635498047,0.002778810914605856,4.56626033782959
364,12.13423410047018,0.5869994759559631,0.0023360573686659336,4.3258161544799805
365,12.167569908438505,0.6183754205703735,0.00532141700387001,4.226673126220703
366,12.20090571640683,0.5408933758735657,0.003017309121787548,4.610612392425537
367,12.234241524375154,0.5315874814987183,0.00382809154689312,4.090569019317627
368,12.26757733234348,0.4704899787902832,0.003831143258139491,4.307384490966797
369,12.300913140311804,0.44653913378715515,0.006070480681955814,3.2751119136810303
370,12.334248948280129,0.4142935276031494,0.00589520949870348,3.7422995567321777
371,12.367584756248453,0.4417599141597748,0.004279135726392269,3.8681774139404297
372,12.400920564216777,0.4434753954410553,0.0044078463688492775,3.477385997772217
373,12.434256372185104,0.43190285563468933,0.004455912858247757,3.2425284385681152
374,12.467592180153428,0.45899561047554016,0.002320039551705122,3.34993314743042
375,12.500927988121752,0.5010861754417419,0.004168983083218336,4.678532600402832
376,12.534263796090077,0.5127754807472229,0.0019256311934441328,8.286307334899902
377,12.567599604058401,0.5318121314048767,0.0036259624175727367,9.169645309448242
378,12.600935412026725,0.5432713031768799,0.002278842031955719,6.893608570098877
379,12.634271219995052,0.48772716522216797,0.0023913723416626453,3.7542312145233154
380,12.667607027963376,0.5518758296966553,0.0037376591935753822,4.001677989959717
381,12.7009428359317,0.5286614894866943,0.0052675530314445496,3.919921398162842
382,12.734278643900025,0.5910689234733582,0.0029596148524433374,5.038346290588379
383,12.767614451868349,0.5533586144447327,0.011038325726985931,4.06751823425293
384,12.800950259836673,0.5373342037200928,0.002383946906775236,7.727760314941406
385,12.834286067805,0.5407475233078003,0.001755344681441784,8.980639457702637
386,12.867621875773324,0.5470521450042725,0.0017865505069494247,9.055842399597168
387,12.900957683741648,0.5821383595466614,0.0022061734925955534,5.157933712005615
388,12.934293491709973,0.539111852645874,0.0026376601308584213,5.271903991699219
389,12.967629299678297,0.5586578249931335,0.00465802475810051,4.817856788635254
390,13.000965107646623,0.5714966654777527,0.0033346503041684628,4.015924453735352
391,13.034300915614947,0.5675532221794128,0.0028800126165151596,3.9524362087249756
392,13.067636723583272,0.5133157968521118,0.0036455774679780006,3.838960647583008
393,13.100972531551596,0.557990312576294,0.004889009520411491,5.646071434020996
394,13.13430833951992,0.5689808130264282,0.0027252384461462498,5.007740497589111
395,13.167644147488245,0.5191290974617004,0.003195150988176465,8.967761039733887
396,13.200979955456571,0.529312252998352,0.0033891983330249786,8.886504173278809
397,13.234315763424895,0.6207078695297241,0.005945987068116665,10.525548934936523
398,13.26765157139322,0.6549261212348938,0.003413759171962738,10.273199081420898
399,13.300987379361544,0.5940176844596863,0.0036310325376689434,8.299148559570312
400,13.334323187329868,0.5782886743545532,0.00330094201490283,7.970822811126709
401,13.367658995298193,0.7052193880081177,0.006001363508403301,38.87675857543945
402,13.400994803266519,0.6453258395195007,0.005135637242347002,9.631853103637695
403,13.434330611234843,0.6034762859344482,0.00502213928848505,27.774295806884766
404,13.467666419203168,0.5712484121322632,0.009061499498784542,10.668319702148438
405,13.501002227171492,0.6371978521347046,0.008111040107905865,29.05487632751465
406,13.534338035139816,0.5720149874687195,0.004023789893835783,9.830831527709961
407,13.56767384310814,0.535203218460083,0.004587652161717415,8.54085636138916
408,13.601009651076467,0.5493927597999573,0.004762645345181227,7.325529098510742
409,13.634345459044791,0.5724102854728699,0.008625557646155357,3.719292163848877
410,13.667681267013116,0.5855788588523865,0.004889803007245064,3.738433599472046
411,13.70101707498144,0.4846990406513214,0.005352737847715616,3.928706645965576
412,13.734352882949764,0.5057869553565979,0.005078580230474472,3.9450957775115967
413,13.76768869091809,0.5297219753265381,0.01617187261581421,4.883954048156738
414,13.801024498886415,0.5054436326026917,0.0011617615818977356,5.522482395172119
415,13.83436030685474,0.6080602407455444,0.001357970293611288,6.00571346282959
416,13.867696114823064,0.5265713930130005,0.00378208514302969,5.679480075836182
417,13.901031922791388,0.5071805119514465,0.0035968036390841007,5.5717315673828125
418,13.934367730759712,0.5639401078224182,0.003093282226473093,5.934884071350098
419,13.967703538728038,0.6528221964836121,0.0032996591180562973,6.721978187561035
420,14.001039346696363,0.5690257549285889,0.0035476002376526594,8.861881256103516
421,14.034375154664687,0.6559782028198242,0.0052479044534265995,8.231593132019043
422,14.067710962633011,0.7689695358276367,0.003573270747438073,7.327539443969727
423,14.101046770601336,0.813787579536438,0.0037230004090815783,6.946053504943848
424,14.13438257856966,0.817473828792572,0.0076804556883871555,5.535882949829102
425,14.167718386537986,0.7745811343193054,0.006132972426712513,5.610361576080322
426,14.20105419450631,0.7830694913864136,0.004794466309249401,5.409617900848389
427,14.234390002474635,0.7701886296272278,0.005469665862619877,5.5190558433532715
428,14.26772581044296,0.7753551006317139,0.0020499678794294596,5.2780232429504395
429,14.301061618411284,0.7309644222259521,0.00551765039563179,5.065462112426758
430,14.33439742637961,0.6367404460906982,0.0055952901020646095,4.477242469787598
431,14.367733234347934,0.5653769373893738,0.0034092043060809374,4.0468950271606445
432,14.401069042316259,0.5008484125137329,0.0039434065110981464,3.265254497528076
433,14.434404850284583,0.3678814172744751,0.004355309996753931,3.380415201187134
434,14.467740658252907,0.32253819704055786,0.006949134171009064,4.858166217803955
435,14.501076466221232,0.32042407989501953,0.003192210802808404,2.907766580581665
436,14.534412274189558,0.3785439133644104,0.006672929972410202,6.2835845947265625
437,14.567748082157882,0.3222617506980896,0.006365482695400715,2.8610458374023438
438,14.601083890126207,0.3905905485153198,0.006616395898163319,2.7412378787994385
439,14.634419698094531,0.41571274399757385,0.007554930634796619,2.7058701515197754
440,14.667755506062855,0.37710654735565186,0.0019894391298294067,2.9385104179382324
441,14.70109131403118,0.4532461166381836,0.003663448616862297,3.244267702102661
442,14.734427121999506,0.435232937335968,0.00837615318596363,2.9303200244903564
443,14.76776292996783,0.40668362379074097,0.0030911057256162167,2.9408528804779053
444,14.801098737936154,0.4584609270095825,0.0033154755365103483,3.1832144260406494
445,14.834434545904479,0.508065402507782,0.005158247426152229,3.3205971717834473
446,14.867770353872803,0.5160923004150391,0.0021731960587203503,3.730480909347534
447,14.90110616184113,0.5539473295211792,0.0024710185825824738,3.8622891902923584
448,14.934441969809454,0.5586203336715698,0.003763316199183464,3.8858652114868164
449,14.967777777777778,0.5820506811141968,0.003619087627157569,4.262438774108887
450,15.001113585746102,0.5732170343399048,0.0027298161294311285,3.984419822692871
451,15.034449393714427,0.589155912399292,0.0034250817261636257,3.913938045501709
452,15.067785201682751,0.4993198812007904,0.002923164051026106,4.007822513580322
453,15.101121009651077,0.5641453266143799,0.003978027496486902,4.576569557189941
454,15.134456817619402,0.5875234603881836,0.0027067766059190035,4.39687967300415
455,15.167792625587726,0.6741721034049988,0.0032202331349253654,4.715981960296631
456,15.20112843355605,0.7868636846542358,0.004371332004666328,5.143289566040039
457,15.234464241524375,0.8546183705329895,0.0036466249730437994,5.5056562423706055
458,15.267800049492699,0.9671465754508972,0.0022781623993068933,6.44005823135376
459,15.301135857461025,0.8420422673225403,0.004168956074863672,5.5345048904418945
460,15.33447166542935,0.7416602373123169,0.002862897701561451,5.60662317276001
461,15.367807473397674,0.8181279301643372,0.0036504422314465046,5.457761764526367
462,15.401143281365998,0.7953922748565674,0.0021342188119888306,5.500759601593018
463,15.434479089334323,0.787927508354187,0.0023146923631429672,5.500903129577637
464,15.467814897302649,0.7922184467315674,0.0027490563225001097,45.864620208740234
465,15.501150705270973,0.6279074549674988,0.0028811234515160322,6.350855350494385
466,15.534486513239298,0.739283561706543,0.0017174957320094109,5.183543682098389
467,15.567822321207622,0.6198885440826416,0.002416827017441392,3.986224889755249
468,15.601158129175946,0.5976383686065674,0.002396909985691309,3.9722108840942383
469,15.63449393714427,0.5873814821243286,0.0028775876853615046,4.113246917724609
470,15.667829745112597,0.5461184978485107,0.0015932249370962381,4.623678207397461
471,15.701165553080921,0.5150724053382874,0.001689425203949213,3.539499282836914
472,15.734501361049245,0.6396065354347229,0.004337560385465622,4.167820930480957
473,15.76783716901757,0.6294160485267639,0.0007758305873721838,4.402144908905029
474,15.801172976985894,0.5574851632118225,0.0007279831916093826,4.338784694671631
475,15.834508784954219,0.5701830387115479,0.0012001979630440474,4.451056480407715
476,15.867844592922545,0.7461989521980286,0.0013661747798323631,109.63032531738281
477,15.901180400890869,0.8170693516731262,0.0013707997277379036,141.4058837890625
478,15.934516208859193,0.6346662640571594,0.001005258527584374,9.875703811645508
479,15.967852016827518,0.6355483531951904,0.0011209005024284124,20.347156524658203
480,16.001187824795842,0.6411354541778564,0.001398181077092886,22.707923889160156
481,16.034523632764166,0.6667248010635376,0.0015034893294796348,28.351573944091797
482,16.06785944073249,0.734650731086731,0.0012731289025396109,27.504121780395508
483,16.101195248700815,0.7414447069168091,0.001253772061318159,9.988752365112305
484,16.134531056669143,0.8708865642547607,0.0019820802845060825,13.835211753845215
485,16.167866864637467,0.8024696707725525,0.002595439087599516,17.054567337036133
486,16.201202672605792,0.6953997611999512,0.0014985358575358987,18.098058700561523
487,16.234538480574116,0.6988170146942139,0.0035226515028625727,6.571460723876953
488,16.26787428854244,0.6592296957969666,0.0023806465324014425,5.505107879638672
489,16.301210096510765,0.6288022994995117,0.0010404317872598767,5.3087053298950195
490,16.33454590447909,0.5988061428070068,0.0024741818197071552,5.147039890289307
491,16.367881712447414,0.518362283706665,0.0014680946478620172,4.759857177734375
492,16.401217520415738,0.556296169757843,0.0027676948811858892,4.739821434020996
493,16.434553328384062,0.5311853289604187,0.0016237882664427161,4.993801116943359
494,16.467889136352387,0.5616986155509949,0.0011300311889499426,5.1105055809021
495,16.50122494432071,0.5629507899284363,0.0014995061792433262,6.624855995178223
496,16.53456075228904,0.5446696877479553,0.0020777382887899876,7.128950119018555
497,16.567896560257363,0.5426997542381287,0.002237528096884489,6.386250019073486
498,16.601232368225688,0.5317585468292236,0.0014671706594526768,5.774927139282227
499,16.634568176194012,0.45800474286079407,0.0018035704270005226,5.874693393707275
500,16.667903984162336,0.3922300338745117,0.0018322457326576114,3.6213746070861816
501,16.70123979213066,0.3563072979450226,0.0028401450254023075,3.6207942962646484
502,16.734575600098985,0.26869499683380127,0.0006218153284862638,3.7090325355529785
503,16.76791140806731,0.3505861163139343,0.0017896435456350446,5.570183753967285
504,16.801247216035634,0.30470040440559387,0.0017195189138874412,6.0129828453063965
505,16.83458302400396,0.3140384554862976,0.001724044093862176,5.834345817565918
506,16.867918831972283,0.32813477516174316,0.0014215586706995964,7.022269248962402
507,16.90125463994061,0.372444748878479,0.0025288136675953865,3.704694986343384
508,16.934590447908935,0.3519890606403351,0.0018278062343597412,3.871833086013794
509,16.96792625587726,0.30916738510131836,0.0026217796839773655,3.465430974960327
510,17.001262063845584,0.2970711886882782,0.001298016868531704,4.268313407897949
511,17.034597871813908,0.3489328920841217,0.0023047151044011116,6.588778018951416
512,17.067933679782232,0.2798866927623749,0.0015832021599635482,3.4688756465911865
513,17.101269487750557,0.3707050681114197,0.0018228782573714852,27.765193939208984
514,17.13460529571888,0.3581322133541107,0.002394773531705141,5.8589558601379395
515,17.167941103687205,0.3366066515445709,0.001365075702778995,4.255383014678955
516,17.20127691165553,0.4034152030944824,0.0024107738863676786,4.962411880493164
517,17.234612719623854,0.3920091986656189,0.0026993590872734785,4.858515739440918
518,17.26794852759218,0.34809473156929016,0.001046772813424468,5.03722620010376
519,17.301284335560506,0.357086181640625,0.002095113741233945,5.57232666015625
520,17.33462014352883,0.3463935852050781,0.0025632446631789207,5.557169437408447
521,17.367955951497155,0.2979316711425781,0.0014004018157720566,5.989696502685547
522,17.40129175946548,0.24897561967372894,0.0008937575621530414,7.702201843261719
523,17.434627567433804,0.253188818693161,0.0024233334697782993,4.069498538970947
524,17.467963375402128,0.2602580785751343,0.0024354716297239065,5.2593231201171875
525,17.501299183370453,0.1863129585981369,0.002733068075031042,3.046300172805786
526,17.534634991338777,0.15026776492595673,0.0017529301112517715,2.6519434452056885
527,17.5679707993071,0.2074776142835617,0.0028341368306428194,3.7505226135253906
528,17.601306607275426,0.1782328486442566,0.0022917301394045353,4.696173667907715
529,17.63464241524375,0.19332507252693176,0.00252444832585752,3.953524589538574
530,17.667978223212078,0.20011018216609955,0.002008924726396799,6.308682441711426
531,17.701314031180402,0.18121874332427979,0.0036716582253575325,3.491919755935669
532,17.734649839148727,0.08672329038381577,0.0007997368229553103,2.22118878364563
533,17.76798564711705,0.07178854942321777,0.0011911533074453473,2.260852575302124
534,17.801321455085375,0.07293927669525146,0.001079220324754715,1.767014503479004
535,17.8346572630537,0.07298876345157623,0.001752266543917358,2.8482720851898193
536,17.867993071022024,0.07629802823066711,0.0018032931257039309,1.9222153425216675
537,17.90132887899035,0.07074609398841858,0.001955036073923111,2.106613874435425
538,17.934664686958673,0.12019501626491547,0.0015593424905091524,3.5764107704162598
539,17.968000494926997,0.11002859473228455,0.001558033749461174,4.195799827575684
540,18.00133630289532,0.0920177772641182,0.0016896296292543411,2.5399281978607178
541,18.03467211086365,0.11073333024978638,0.0030571576207876205,3.3351147174835205
542,18.068007918831974,0.09929254651069641,0.0006059893639758229,2.4219157695770264
543,18.101343726800298,0.0845729261636734,0.0012607749085873365,2.785945415496826
544,18.134679534768622,0.10160201042890549,0.0020056474022567272,4.194945812225342
545,18.168015342736947,0.08940970152616501,0.002554913517087698,3.5982513427734375
546,18.20135115070527,0.06844212114810944,0.0004840010078623891,3.8984766006469727
547,18.234686958673596,0.09206559509038925,0.002717176917940378,6.608509540557861
548,18.26802276664192,0.12928162515163422,0.0022818618454039097,24.80678367614746
549,18.301358574610244,0.08106894046068192,0.0029198485426604748,2.6070826053619385
550,18.33469438257857,0.048295214772224426,4.121831079828553e-05,2.747957229614258
551,18.368030190546893,0.06450912356376648,0.0004628650494851172,5.4613261222839355
552,18.401365998515217,0.09791772812604904,0.0024581558536738157,58.00308609008789
553,18.434701806483545,0.08251306414604187,0.002566141542047262,2.7335355281829834
554,18.46803761445187,0.05593807250261307,0.0009337004739791155,3.3737595081329346
555,18.501373422420194,0.07995036989450455,0.0015629183035343885,3.309586524963379
556,18.53470923038852,0.05199997499585152,0.0013675398658961058,2.7961666584014893
557,18.568045038356843,0.042699456214904785,0.0022267838940024376,2.7206552028656006
558,18.601380846325167,0.10355620831251144,0.0022097898181527853,5.082625389099121
559,18.63471665429349,0.04166991263628006,0.001558467629365623,3.131035804748535
560,18.668052462261816,0.09348950535058975,0.0048488713800907135,3.109645128250122
561,18.70138827023014,0.04593580588698387,0.00011375458416296169,4.232185363769531
562,18.734724078198465,0.02851393073797226,0.00021709554130211473,2.743435859680176
563,18.76805988616679,0.015979044139385223,0.0008710199035704136,1.7035185098648071
564,18.801395694135117,0.024642879143357277,0.0003258241340517998,3.8054726123809814
565,18.83473150210344,0.017773952335119247,0.0009736544452607632,1.4606115818023682
566,18.868067310071766,0.02602533809840679,0.0008384078973904252,2.02276349067688
567,18.90140311804009,0.07105688005685806,0.001418829895555973,4.546285152435303
568,18.934738926008414,0.04110441356897354,0.001185243483632803,4.126652240753174
569,18.96807473397674,0.03239421173930168,0.0023088702000677586,2.6612210273742676
570,19.001410541945063,0.020904406905174255,0.0004388118104543537,2.420724868774414
571,19.034746349913387,0.022697247564792633,0.0007023843936622143,2.15169620513916
572,19.06808215788171,0.021278973668813705,0.0005692020058631897,3.005807876586914
573,19.101417965850036,0.06108054146170616,0.0018477124394848943,2.606360912322998
574,19.13475377381836,0.03860490024089813,0.0002914937795139849,8.74700927734375
575,19.168089581786685,0.05880420655012131,0.0004022012581117451,17.65338897705078
576,19.201425389755013,0.06876054406166077,0.0010422664927318692,38.037784576416016
577,19.234761197723337,0.026567190885543823,0.00031377485720440745,7.853065013885498
578,19.26809700569166,0.015507090836763382,2.8366617698338814e-05,3.0309247970581055
579,19.301432813659986,0.030100515112280846,4.290694050723687e-05,2.5174083709716797
580,19.33476862162831,0.07337657362222672,0.0010484938975423574,4.033640384674072
581,19.368104429596634,0.05055316910147667,0.0011026039719581604,2.752419948577881
582,19.40144023756496,0.0250045508146286,0.0003087853838223964,1.7478309869766235
583,19.434776045533283,0.02801859751343727,0.00012121063628001139,2.4189834594726562
584,19.468111853501608,0.03548215329647064,0.0002888633753173053,3.469764232635498
585,19.501447661469932,0.039583414793014526,0.001037426758557558,2.372314214706421
586,19.534783469438256,0.029680941253900528,0.00034665767452679574,2.7419567108154297
587,19.568119277406584,0.031391214579343796,0.00045891955960541964,3.7034361362457275
588,19.60145508537491,0.036575477570295334,0.0011541270650923252,3.5049898624420166
589,19.634790893343233,0.03706686198711395,0.0012886078329756856,3.0962374210357666
590,19.668126701311557,0.08868498355150223,0.005230773240327835,3.2834157943725586
591,19.70146250927988,0.015344490297138691,0.00013035819574724883,1.514481782913208
592,19.734798317248206,0.008328617550432682,2.4479650164721534e-06,1.7308014631271362
593,19.76813412521653,0.049421388655900955,0.00029851915314793587,3.4073164463043213
594,19.801469933184855,0.03784598410129547,3.141728666378185e-05,2.5837764739990234
595,19.83480574115318,0.01789550855755806,5.653003427141812e-06,2.3579375743865967
596,19.868141549121503,0.02302640862762928,0.00010924418165814131,2.246859550476074
597,19.901477357089828,0.01748776063323021,7.210803596535698e-05,1.6336320638656616
598,19.934813165058156,0.012942572124302387,2.7990370199404424e-06,2.3329927921295166
599,19.96814897302648,0.009581055492162704,6.165037120808847e-07,1.4029974937438965
600,20.001484780994804,0.026331810280680656,3.4274894460395444e-06,3.5688047409057617
601,20.03482058896313,0.02119060792028904,1.3778885659121443e-05,3.5468966960906982
602,20.068156396931453,0.010693121701478958,2.917350627740234e-07,2.9246301651000977
603,20.101492204899778,0.029441867023706436,1.7478856761954376e-07,2.5816071033477783
604,20.134828012868102,0.06457164883613586,3.8953658076934516e-05,4.759040832519531
605,20.168163820836426,0.031401127576828,3.13783239107579e-05,2.837308883666992
606,20.20149962880475,0.0166145171970129,7.744141612420208e-07,2.707282781600952
607,20.234835436773075,0.02599368616938591,1.2676788173848763e-05,3.26992130279541
608,20.2681712447414,0.035568054765462875,0.00057230144739151,2.5626137256622314
609,20.301507052709724,0.024987807497382164,0.00013121715164743364,3.1942460536956787
610,20.33484286067805,0.034668054431676865,7.735576218692586e-05,6.482056140899658
611,20.368178668646376,0.027691572904586792,2.7873804356204346e-05,3.7715063095092773
612,20.4015144766147,0.039805278182029724,0.0001713360834401101,4.611010551452637
613,20.434850284583025,0.03954526409506798,0.0005970053607597947,5.882784366607666
614,20.46818609255135,0.05213871970772743,0.0002772783045656979,3.1998469829559326
615,20.501521900519673,0.11156301945447922,0.0006487856153398752,6.312700271606445
616,20.534857708487998,0.1279517412185669,0.0010787510545924306,5.449590682983398
617,20.568193516456322,0.08841003477573395,0.0018200940685346723,5.88146448135376
618,20.601529324424646,0.11222890019416809,0.0023716865107417107,5.699925899505615
619,20.63486513239297,0.10018366575241089,0.0012276589404791594,6.496980667114258
620,20.668200940361295,0.17727723717689514,0.006103426218032837,3.7797305583953857
621,20.701536748329623,0.10883338749408722,0.0016179592348635197,3.294565200805664
622,20.734872556297947,0.13486473262310028,0.0006448464118875563,3.9333696365356445
623,20.768208364266272,0.092192642390728,0.0007963936077430844,2.8351588249206543
624,20.801544172234596,0.11274295300245285,0.001255822484381497,3.4725680351257324
625,20.83487998020292,0.15380358695983887,0.0038925963453948498,4.228857040405273
626,20.868215788171245,0.1500846892595291,0.0024165615905076265,3.515852212905884
627,20.90155159613957,0.15808573365211487,0.0030379313975572586,3.495281219482422
628,20.934887404107894,0.14714571833610535,0.0025256178341805935,3.1111578941345215
629,20.968223212076218,0.13312068581581116,0.003537725657224655,3.078758478164673
630,21.001559020044542,0.11855663359165192,0.002300298772752285,2.36104416847229
631,21.034894828012867,0.11545726656913757,0.0030907609034329653,2.3442330360412598
632,21.068230635981195,0.09304851293563843,0.00259919255040586,1.9976121187210083
633,21.10156644394952,0.12871377170085907,0.004196432884782553,2.1373584270477295
634,21.134902251917843,0.156748428940773,0.0014975351514294744,8.009493827819824
635,21.168238059886168,0.16561292111873627,0.0022734308149665594,10.693215370178223
636,21.201573867854492,0.14735856652259827,0.0034921716433018446,2.8755831718444824
637,21.234909675822816,0.17011868953704834,0.004151771776378155,2.9541778564453125
638,21.26824548379114,0.20469430088996887,0.0020858459174633026,4.9226226806640625
639,21.301581291759465,0.17192471027374268,0.002115271519869566,3.0768284797668457
640,21.33491709972779,0.2221037745475769,0.004584113601595163,3.536550760269165
641,21.368252907696114,0.17568211257457733,0.0042613837867975235,2.712233066558838
642,21.401588715664438,0.18020929396152496,0.0027390215545892715,2.929856538772583
643,21.434924523632763,0.19606655836105347,0.0031654967460781336,3.2320916652679443
644,21.46826033160109,0.19220775365829468,0.0024054707027971745,3.278757333755493
645,21.501596139569415,0.25239184498786926,0.005525081418454647,3.381518840789795
646,21.53493194753774,0.23742389678955078,0.003974158316850662,3.2386820316314697
647,21.568267755506064,0.21966631710529327,0.004501171410083771,3.4918406009674072
648,21.601603563474388,0.20777535438537598,0.003535814117640257,3.7906341552734375
649,21.634939371442712,0.2633579671382904,0.005513072945177555,3.699080467224121
650,21.668275179411037,0.2774006724357605,0.001259555108845234,3.9417176246643066
651,21.70161098737936,0.27191415429115295,0.0014856132911518216,3.618598699569702
652,21.734946795347685,0.30470168590545654,0.0028321649879217148,3.912121057510376
653,21.76828260331601,0.34075725078582764,0.004322837572544813,4.298460006713867
654,21.801618411284334,0.32907164096832275,0.002217987785115838,5.206976413726807
655,21.834954219252662,0.3724028170108795,0.004148096777498722,5.334323883056641
656,21.868290027220986,0.3933030664920807,0.0028919256292283535,5.15711784362793
657,21.90162583518931,0.41231247782707214,0.004060452338308096,4.7147345542907715
658,21.934961643157635,0.44086700677871704,0.0027372820768505335,6.112254619598389
659,21.96829745112596,0.4472448527812958,0.0037881657481193542,7.17814302444458
660,22.001633259094284,0.41621726751327515,0.0035140078980475664,4.778307914733887
661,22.034969067062608,0.43086788058280945,0.004274796694517136,4.638570785522461
662,22.068304875030933,0.46259355545043945,0.004381014034152031,7.72130823135376
663,22.101640682999257,0.4430975019931793,0.005235870834439993,4.32844877243042
664,22.13497649096758,0.45362159609794617,0.00433637760579586,4.487758159637451
665,22.168312298935906,0.490709513425827,0.0052713314071297646,4.7033772468566895
666,22.20164810690423,0.4755205512046814,0.0050865462981164455,4.814441204071045
667,22.234983914872558,0.4510456323623657,0.004675057251006365,4.846193313598633
668,22.268319722840882,0.45766428112983704,0.005404672119766474,5.651562213897705
669,22.301655530809207,0.398266464471817,0.005250467918813229,4.052260875701904
670,22.33499133877753,0.43310239911079407,0.0034926538355648518,3.970818281173706
671,22.368327146745855,0.4920654296875,0.004627669230103493,4.212851524353027
672,22.40166295471418,0.5066586136817932,0.0048156799748539925,4.195651531219482
673,22.434998762682504,0.5105626583099365,0.004938649944961071,4.264872074127197
674,22.46833457065083,0.4855060577392578,0.004057158716022968,4.424448013305664
675,22.501670378619153,0.501387894153595,0.0037777498364448547,4.275958061218262
676,22.535006186587477,0.5083770751953125,0.00413237139582634,4.2690043449401855
677,22.5683419945558,0.512170672416687,0.0048973448574543,4.424488544464111
678,22.60167780252413,0.543862521648407,0.004345642402768135,4.3105387687683105
679,22.635013610492454,0.5207899808883667,0.00598547700792551,5.2492146492004395
680,22.668349418460778,0.5063768625259399,0.0014690626412630081,12.28052043914795
681,22.701685226429102,0.48967444896698,0.0016469144029542804,11.113609313964844
682,22.735021034397427,0.5207517147064209,0.0033405395224690437,8.61413860321045
683,22.76835684236575,0.6120336651802063,0.004393370356410742,4.40411901473999
684,22.801692650334076,0.5282055735588074,0.002498884219676256,4.212062835693359
685,22.8350284583024,0.580767035484314,0.0047460696659982204,8.30935287475586
686,22.868364266270724,0.5068972110748291,0.004191337153315544,5.531154155731201
687,22.90170007423905,0.4859698712825775,0.005263332277536392,15.56591796875
688,22.935035882207373,0.5685608386993408,0.002769916784018278,5.9835524559021
689,22.9683716901757,0.626318097114563,0.004197053145617247,7.141974449157715
690,23.001707498144025,0.5635804533958435,0.001892570173367858,7.113071918487549
691,23.03504330611235,0.6406418085098267,0.002390581415966153,23.715866088867188
692,23.068379114080674,0.7327447533607483,0.0025069010443985462,17.106891632080078
693,23.101714922049,0.6830441951751709,0.004138845484703779,4.536101818084717
694,23.135050730017323,0.69210284948349,0.004535488784313202,6.874914169311523
695,23.168386537985647,0.7373833060264587,0.003999023698270321,5.284359455108643
696,23.20172234595397,0.724297821521759,0.0033980656880885363,4.913029193878174
697,23.235058153922296,0.7261664867401123,0.0035720355808734894,4.949570178985596
698,23.26839396189062,0.7856655120849609,0.002311763819307089,5.34932804107666
699,23.301729769858945,0.8097670078277588,0.004938938654959202,5.481684684753418
700,23.33506557782727,0.7406480312347412,0.003361984621733427,8.142291069030762
701,23.368401385795597,0.7411377429962158,0.005276922136545181,4.904627799987793
702,23.40173719376392,0.6565300226211548,0.001491239294409752,4.724944114685059
703,23.435073001732246,0.6278851628303528,0.004156146198511124,4.527907848358154
704,23.46840880970057,0.6904293298721313,0.005556205287575722,4.297451496124268
705,23.501744617668894,0.6618703007698059,0.005481453146785498,4.371630668640137
706,23.53508042563722,0.5622284412384033,0.006044721230864525,3.8860082626342773
707,23.568416233605543,0.5796096324920654,0.0019121968653053045,3.6645781993865967
708,23.601752041573867,0.551156222820282,0.005351196974515915,3.6039185523986816
709,23.63508784954219,0.4631972908973694,0.0026031467132270336,2.970355987548828
710,23.668423657510516,0.4319252371788025,0.006899005733430386,2.6713387966156006
711,23.70175946547884,0.4291539192199707,0.0033947844058275223,4.12169075012207
712,23.73509527344717,0.3654402494430542,0.002627696841955185,3.2252864837646484
713,23.768431081415493,0.4002927243709564,0.004109096713364124,4.551931381225586
714,23.801766889383817,0.3765532076358795,0.0035366020165383816,3.0272505283355713
715,23.83510269735214,0.3525671362876892,0.0035041295923292637,2.648061990737915
716,23.868438505320466,0.4075837731361389,0.004887660965323448,2.647188663482666
717,23.90177431328879,0.44507327675819397,0.0051710293628275394,4.096473693847656
718,23.935110121257114,0.4537433981895447,0.0038891821168363094,3.538064956665039
719,23.96844592922544,0.5006717443466187,0.004368976224213839,4.516963005065918
720,24.001781737193763,0.5698030591011047,0.006300605833530426,19.020727157592773
721,24.035117545162088,0.5365310907363892,0.004402259364724159,3.3349413871765137
722,24.068453353130412,0.5783719420433044,0.005456123501062393,3.6253182888031006
723,24.101789161098736,0.5429074764251709,0.0064301081001758575,3.983429431915283
724,24.135124969067064,0.5705291032791138,0.00522185955196619,3.6580417156219482
725,24.16846077703539,0.6065571904182434,0.005895828828215599,3.7765088081359863
726,24.201796585003713,0.5922060012817383,0.003696214407682419,4.196218013763428
727,24.235132392972037,0.49278366565704346,0.004651888273656368,3.4336907863616943
728,24.26846820094036,0.5918936133384705,0.0055838460102677345,3.801485061645508
729,24.301804008908686,0.6428868770599365,0.007032856345176697,4.580041885375977
730,24.33513981687701,0.48586294054985046,0.0021110246889293194,3.5201809406280518
731,24.368475624845335,0.5552433729171753,0.005209445022046566,3.4997754096984863
732,24.40181143281366,0.6085808873176575,0.00611299742013216,3.7535512447357178
733,24.435147240781983,0.5712848901748657,0.00789569690823555,3.4353761672973633
734,24.468483048750308,0.5574651956558228,0.002794732339680195,3.3715386390686035
735,24.501818856718636,0.5862538814544678,0.002770570106804371,3.9325380325317383
736,24.53515466468696,0.5368219614028931,0.00546847190707922,4.610651969909668
737,24.568490472655284,0.5004837512969971,0.00426899828016758,3.122994899749756
738,24.60182628062361,0.48520123958587646,0.007819266989827156,2.968010425567627
739,24.635162088591933,0.32797741889953613,0.001065004849806428,2.6292881965637207
740,24.668497896560257,0.44729968905448914,0.003051797393709421,2.699455738067627
741,24.701833704528582,0.42803123593330383,0.004435229115188122,2.905665874481201
742,24.735169512496906,0.34860289096832275,0.0035555176436901093,3.2442076206207275
743,24.76850532046523,0.4551226794719696,0.004346507601439953,2.95331072807312
744,24.801841128433555,0.4613184332847595,0.00451962323859334,3.218615770339966
745,24.83517693640188,0.5021447539329529,0.005597541108727455,3.16931414604187
746,24.868512744370207,0.527673065662384,0.003916247747838497,3.1836483478546143
747,24.90184855233853,0.5833055973052979,0.004413126036524773,3.5158283710479736
748,24.935184360306856,0.5261744856834412,0.004742134362459183,3.7611279487609863
749,24.96852016827518,0.5869560837745667,0.008210700005292892,4.349295616149902
750,25.001855976243505,0.5291809439659119,0.002901833038777113,4.210314750671387
751,25.03519178421183,0.5496545433998108,0.005991625599563122,4.349212169647217
752,25.068527592180153,0.6046664118766785,0.008212713524699211,4.419194221496582
753,25.101863400148478,0.6255249977111816,0.007376993075013161,3.9019415378570557
754,25.135199208116802,0.5315080285072327,0.005453402176499367,3.3456871509552
755,25.168535016085126,0.40043777227401733,0.004331604577600956,3.1580238342285156
756,25.20187082405345,0.290730357170105,0.0159587562084198,7.0077033042907715
757,25.235206632021775,0.037460558116436005,0.0006741919787600636,1.9090745449066162
758,25.268542439990103,0.03655290603637695,0.0031073689460754395,1.8179140090942383
759,25.301878247958427,0.035759903490543365,0.002946694614365697,3.446511745452881
760,25.335214055926752,0.10190233588218689,0.0059708403423428535,2.238128185272217
761,25.368549863895076,0.11586766690015793,0.004509720951318741,2.2678661346435547
762,25.4018856718634,0.062457069754600525,0.005721695721149445,2.0590052604675293
763,25.435221479831725,0.05455465614795685,0.0005056918598711491,2.308865785598755
764,25.46855728780005,0.08440493792295456,0.0034494055435061455,2.5281565189361572
765,25.501893095768374,0.07637753337621689,0.005781388841569424,5.445551872253418
766,25.535228903736698,0.08946968615055084,0.000571953714825213,3.9603934288024902
767,25.568564711705022,0.09958359599113464,0.01041906513273716,2.8888039588928223
768,25.601900519673347,0.011214323341846466,0.00011910204193554819,1.731914758682251
769,25.635236327641675,0.014653663150966167,1.5339519450208172e-05,1.450711727142334
770,25.66857213561,0.026340780779719353,3.46991655533202e-05,2.5312914848327637
771,25.701907943578323,0.01490806508809328,1.1689427992678247e-05,1.2737839221954346
772,25.735243751546648,0.027308635413646698,3.991609992226586e-05,1.8004578351974487
773,25.768579559514972,0.018001075834035873,0.00019172033353243023,1.0295249223709106
774,25.801915367483296,0.016926012933254242,1.095023071684409e-05,1.766412377357483
775,25.83525117545162,0.01033388264477253,7.0062169470475055e-06,1.3415509462356567
776,25.868586983419945,0.02693169377744198,7.65758304623887e-05,1.705298662185669
777,25.90192279138827,0.023681096732616425,0.0008387741399928927,2.068408727645874
778,25.935258599356594,0.025066442787647247,0.00035146193113178015,1.508772373199463
779,25.968594407324918,0.03026854246854782,7.898455078247935e-05,1.515391230583191
780,26.001930215293246,0.027888335287570953,8.135726966429502e-05,1.1988905668258667
781,26.03526602326157,0.02539963275194168,0.00036911206552758813,2.2012107372283936
782,26.068601831229895,0.0373561829328537,0.00013071407738607377,2.425468921661377
783,26.10193763919822,0.06666067242622375,0.00041418831096962094,3.512965440750122
784,26.135273447166544,0.08820565789937973,0.000979937962256372,3.9580676555633545
785,26.168609255134868,0.0399579219520092,0.00032078311778604984,2.0880939960479736
786,26.201945063103192,0.11561104655265808,0.005583557765930891,2.5551862716674805
787,26.235280871071517,0.05347704514861107,0.001145446440204978,2.5633292198181152
788,26.26861667903984,0.050721604377031326,0.0005803812528029084,2.0835516452789307
789,26.301952487008165,0.09150423854589462,0.001066746306605637,3.4462811946868896
790,26.33528829497649,0.0557243637740612,0.0005963391740806401,1.5494493246078491
791,26.368624102944814,0.07540193200111389,0.0003565822553355247,1.455169677734375
792,26.401959910913142,0.11295829713344574,0.0008149691857397556,2.214092493057251
793,26.435295718881466,0.07671225816011429,0.0006922362372279167,1.6425544023513794
794,26.46863152684979,0.06341390311717987,0.00025969819398596883,1.733007788658142
795,26.501967334818115,0.09486419707536697,0.0024089862126857042,2.0673410892486572
796,26.53530314278644,0.09769076853990555,0.0034534228034317493,1.9449037313461304
797,26.568638950754764,0.13441069424152374,0.01073656789958477,2.0926477909088135
798,26.601974758723088,0.10018305480480194,0.0011364936362951994,2.354175090789795
799,26.635310566691413,0.13861066102981567,0.002314888872206211,2.219585418701172
800,26.668646374659737,0.1177445501089096,0.002194503089413047,2.3369741439819336
801,26.70198218262806,0.11949118971824646,0.001038277056068182,1.9051085710525513
802,26.735317990596386,0.09938392788171768,0.0009640112402848899,1.8738441467285156
803,26.768653798564713,0.0873090922832489,0.0008061809930950403,1.8690241575241089
804,26.801989606533038,0.12554937601089478,0.005171137861907482,2.0469770431518555
805,26.835325414501362,0.09003962576389313,0.001635332708247006,3.2469794750213623
806,26.868661222469687,0.12097880244255066,0.0019265824230387807,3.3077750205993652
807,26.90199703043801,0.07890113443136215,0.0008761604549363256,1.422249436378479
808,26.935332838406335,0.0853264331817627,0.0009680851362645626,1.224413275718689
809,26.96866864637466,0.10109195113182068,0.000262184941675514,1.4526523351669312
810,27.002004454342984,0.11037641018629074,0.0009371857158839703,1.8965929746627808
811,27.03534026231131,0.14468814432621002,0.0022213465999811888,3.3959977626800537
812,27.068676070279633,0.11780284345149994,0.0027226777747273445,1.999677062034607
813,27.102011878247957,0.09964239597320557,0.000355398136889562,3.171173095703125
814,27.13534768621628,0.09665319323539734,0.0010378488805145025,1.8790998458862305
815,27.16868349418461,0.10704725980758667,0.001397960353642702,1.9391993284225464
816,27.202019302152934,0.0972987711429596,0.002685978077352047,1.975070834159851
817,27.235355110121258,0.07994511723518372,0.0018224283121526241,1.4635624885559082
818,27.268690918089582,0.07757194340229034,0.0007588276639580727,1.6254947185516357
819,27.302026726057907,0.08545705676078796,0.0009113200358115137,1.7351844310760498
820,27.33536253402623,0.08655044436454773,0.0010028982069343328,1.9962871074676514
821,27.368698341994556,0.09928984194993973,0.002451051026582718,2.1835808753967285
822,27.40203414996288,0.08481618016958237,0.0009781487751752138,2.2104058265686035
823,27.435369957931204,0.09273049235343933,0.0010412908159196377,4.13980770111084
824,27.46870576589953,0.12289055436849594,0.0015505385817959905,2.24784779548645
825,27.502041573867853,0.07590264827013016,0.000190626218682155,2.260237216949463
826,27.53537738183618,0.14883676171302795,0.00953139178454876,14.900545120239258
827,27.568713189804505,0.07022245973348618,0.00015295628691092134,2.239041805267334
828,27.60204899777283,0.07623079419136047,4.74172702524811e-05,2.239818572998047
829,27.635384805741154,0.07525606453418732,0.00044835888547822833,2.2398085594177246
830,27.66872061370948,0.07888932526111603,5.5379125114995986e-05,22.575708389282227
831,27.702056421677803,0.08540105819702148,0.0007481650682166219,1.6567100286483765
832,27.735392229646127,0.08091825246810913,0.0011761784553527832,1.5030115842819214
833,27.76872803761445,0.06996233016252518,0.0008240122115239501,1.6785742044448853
834,27.802063845582776,0.12460029125213623,0.007896360009908676,5.670207977294922
835,27.8353996535511,0.057324767112731934,0.0004409627872519195,1.812325358390808
836,27.868735461519424,0.08119145035743713,0.0007210742915049195,3.4581127166748047
837,27.902071269487752,0.08935034275054932,0.0023546521551907063,1.7286326885223389
838,27.935407077456077,0.07287031412124634,0.001416470156982541,2.117121696472168
839,27.9687428854244,0.10575398057699203,0.003185083158314228,2.4290401935577393
840,28.002078693392725,0.06335553526878357,4.625455767381936e-05,1.579041600227356
841,28.03541450136105,0.06338902562856674,0.0007198486127890646,1.632723093032837
842,28.068750309329374,0.07300703227519989,0.0006798511603847146,2.2954204082489014
843,28.1020861172977,0.0744716227054596,0.0018691725563257933,2.423736572265625
844,28.135421925266023,0.11392394453287125,0.004477905109524727,3.0778677463531494
845,28.168757733234347,0.06632731854915619,0.00010047944670077413,2.3893866539001465
846,28.20209354120267,0.07604088634252548,0.00044498906936496496,1.9079750776290894
847,28.235429349170996,0.08748267590999603,0.0006338238017633557,2.1376824378967285
848,28.26876515713932,0.08148800581693649,0.0021328607108443975,1.7872437238693237
849,28.30210096510765,0.06809422373771667,0.001422695117071271,1.6678047180175781
850,28.335436773075973,0.0717213898897171,0.0006272675236687064,1.7206965684890747
851,28.368772581044297,0.10820586234331131,0.0015908327186480165,2.577709436416626
852,28.40210838901262,0.07283099740743637,0.0013597299112007022,1.4862701892852783
853,28.435444196980946,0.08099058270454407,0.0021187395323067904,1.9913324117660522
854,28.46878000494927,0.0647326409816742,0.00013300604769028723,2.326819896697998
855,28.502115812917594,0.07000037282705307,0.0010206124279648066,1.774741291999817
856,28.53545162088592,0.12333215773105621,0.008775457739830017,2.8392980098724365
857,28.568787428854243,0.07402405142784119,0.00017571821808815002,1.6401032209396362
858,28.602123236822568,0.08999178558588028,0.0015603334177285433,1.74840247631073
859,28.635459044790892,0.09690292924642563,0.0003774013021029532,3.300293445587158
860,28.66879485275922,0.11914491653442383,0.0008159427670761943,3.0408730506896973
861,28.702130660727544,0.07303757965564728,0.0007358806906268001,1.6957088708877563
862,28.73546646869587,0.07507701963186264,0.00012094423436792567,1.7862533330917358
863,28.768802276664193,0.06756239384412766,0.0002204341726610437,1.8790972232818604
864,28.802138084632517,0.07748964428901672,0.0007054118905216455,1.8913887739181519
865,28.83547389260084,0.08056538552045822,0.000470303522888571,4.289173126220703
866,28.868809700569166,0.09892144054174423,0.002021733671426773,4.0448150634765625
867,28.90214550853749,0.10465553402900696,0.0015568749513477087,1.9683551788330078
868,28.935481316505815,0.10541508346796036,0.002533020917326212,6.139730930328369
869,28.96881712447414,0.09796042740345001,0.002149700652807951,1.6393996477127075
870,29.002152932442463,0.11200928688049316,0.002342684892937541,2.670969009399414
871,29.035488740410788,0.07650277018547058,0.0009769389871507883,2.7234179973602295
872,29.068824548379116,0.11630403995513916,0.0035639838315546513,3.4212164878845215
873,29.10216035634744,0.09296127408742905,0.00030662742210552096,2.8315634727478027
874,29.135496164315764,0.09682759642601013,0.0005222430918365717,2.7383925914764404
875,29.16883197228409,0.08028752356767654,0.0005970725324004889,2.315361976623535
876,29.202167780252413,0.10513576865196228,0.0026846108958125114,11.131603240966797
877,29.235503588220737,0.061050038784742355,0.0016127466224133968,2.0040173530578613
878,29.268839396189062,0.07881677150726318,0.000511030899360776,2.826519727706909
879,29.302175204157386,0.0679522380232811,0.0005988258635625243,2.5018997192382812
880,29.33551101212571,0.08221326023340225,0.001019201474264264,2.0685977935791016
881,29.368846820094035,0.07355501502752304,0.0014331594575196505,1.5864152908325195
882,29.40218262806236,0.07397341728210449,0.0007111282902769744,1.4940167665481567
883,29.435518436030687,0.0724964439868927,0.0011435290798544884,2.6781978607177734
884,29.46885424399901,0.07374320924282074,0.0014177939156070352,2.1949901580810547
885,29.502190051967336,0.06854212284088135,0.0014047487638890743,1.5637794733047485
886,29.53552585993566,0.1083807423710823,0.006882344372570515,2.433936834335327
887,29.568861667903985,0.05856402590870857,5.404219336924143e-05,1.9636619091033936
888,29.60219747587231,0.06459275633096695,3.280023520346731e-05,3.2465546131134033
889,29.635533283840633,0.0779489129781723,0.0006175032467581332,3.4147415161132812
890,29.668869091808958,0.04326065257191658,0.000356984615791589,3.257582187652588
891,29.702204899777282,0.07017675042152405,0.0005077659152448177,3.297420024871826
892,29.735540707745606,0.06420854479074478,0.00037395162507891655,1.4516394138336182
893,29.76887651571393,0.053264979273080826,0.0013606427237391472,1.9994866847991943
894,29.80221232368226,0.09341169893741608,0.0032008513808250427,2.481576442718506
895,29.835548131650583,0.04819701239466667,0.0015481405425816774,2.3891847133636475
896,29.868883939618907,0.09844917058944702,0.004243333358317614,8.986865043640137
897,29.902219747587232,0.07608412951231003,0.0018474606331437826,1.8085083961486816
898,29.935555555555556,0.06762045621871948,0.0008065575966611505,3.813493013381958
899,29.96889136352388,0.08577749133110046,0.001313840039074421,2.3822898864746094
900,30.002227171492205,0.0819372832775116,0.0015261608641594648,3.9030468463897705
901,30.03556297946053,0.10625023394823074,0.001989085925742984,3.6233069896698
902,30.068898787428854,0.07526860386133194,0.001674394472502172,1.6034376621246338
903,30.102234595397178,0.05744709074497223,0.0006636226316913962,1.3230924606323242
904,30.135570403365502,0.10361588001251221,0.001596648246049881,2.555203914642334
905,30.168906211333827,0.063349649310112,0.0012715186458081007,2.1583762168884277
906,30.202242019302155,0.0786690041422844,0.000624190317466855,7.533069133758545
907,30.23557782727048,0.04615045338869095,0.0003515696444083005,11.201114654541016
908,30.268913635238803,0.034195177257061005,0.0004082326777279377,17.590736389160156
909,30.302249443207128,0.037143174558877945,0.0004096044576726854,23.313316345214844
910,30.335585251175452,0.041659314185380936,0.00010167737491428852,23.313255310058594
911,30.368921059143776,0.0720391795039177,0.0008138777920976281,23.318342208862305
912,30.4022568671121,0.05793217942118645,0.0007003131904639304,23.307437896728516
913,30.435592675080425,0.02414761297404766,0.0001872711582109332,23.287517547607422
914,30.46892848304875,0.03405896946787834,5.038838935433887e-05,24.897613525390625
915,30.502264291017074,0.08839721232652664,0.007363850716501474,21.45142364501953
916,30.535600098985398,0.023391779512166977,5.993928425596096e-06,1.7454826831817627
917,30.568935906953726,0.03125700727105141,2.7349675292498432e-05,1.321970820426941
918,30.60227171492205,0.025200875476002693,0.0001418307947460562,1.2192481756210327
919,30.635607522890375,0.02949102409183979,0.00015247584087774158,2.9026038646698
920,30.6689433308587,0.0220250952988863,0.00011451546015450731,1.468278169631958
921,30.702279138827024,0.03913913667201996,0.00014619959983974695,1.3875676393508911
922,30.735614946795348,0.06219182536005974,4.953676398145035e-05,2.6933672428131104
923,30.768950754763672,0.09786689281463623,0.001832323963753879,3.310375452041626
924,30.802286562731997,0.09115305542945862,0.000917308556381613,2.6805050373077393
925,30.83562237070032,0.09412596374750137,0.0010310860816389322,2.6229662895202637
926,30.868958178668645,0.08750131726264954,0.0007191270706243813,2.1208815574645996
927,30.90229398663697,0.06131144240498543,0.0006191965658217669,1.6952564716339111
928,30.935629794605298,0.07570133358240128,0.0021916646510362625,2.803037405014038
929,30.968965602573622,0.12160030752420425,0.0012916672276332974,2.3256711959838867
930,31.002301410541946,0.10797668993473053,0.0009772726334631443,2.931541919708252
931,31.03563721851027,0.08500926941633224,0.0019381879828870296,2.7892539501190186
932,31.068973026478595,0.045735638588666916,0.0006105024367570877,1.539513111114502
933,31.10230883444692,0.029798779636621475,0.000424138706875965,1.3340203762054443
934,31.135644642415244,0.059276461601257324,0.0004517474153544754,2.6328301429748535
935,31.168980450383568,0.0517997071146965,0.0005013103364035487,2.7546677589416504
936,31.202316258351892,0.04899052903056145,0.0003172181604895741,2.1524319648742676
937,31.235652066320217,0.11948123574256897,0.0016155536286532879,3.156327486038208
938,31.26898787428854,0.060772888362407684,0.0002750864368863404,1.2860960960388184
939,31.302323682256866,0.0589589886367321,0.0004780803865287453,2.1875391006469727
940,31.335659490225193,0.057099148631095886,0.0005145274335518479,1.5088868141174316
941,31.368995298193518,0.0782536119222641,0.0007579306839033961,2.3625895977020264
942,31.402331106161842,0.059904973953962326,0.00028929056134074926,2.811276912689209
943,31.435666914130167,0.08787726610898972,0.0009433384402655065,2.890422821044922
944,31.46900272209849,0.07175705581903458,0.0007261248538270593,2.061248779296875
945,31.502338530066815,0.11076688766479492,0.008760618045926094,2.9586219787597656
946,31.53567433803514,0.0714854896068573,3.0150509701343253e-05,1.5001050233840942
947,31.569010146003464,0.07932223379611969,0.00014000933151692152,4.383517265319824
948,31.60234595397179,0.08491508662700653,0.000156191541464068,2.2989907264709473
949,31.635681761940113,0.09895871579647064,0.0013294699601829052,2.18239164352417
950,31.669017569908437,0.11362618952989578,0.0036431225016713142,2.6924386024475098
951,31.702353377876765,0.09696487337350845,0.0012902002781629562,2.4022457599639893
952,31.73568918584509,0.08503333479166031,0.0006182277575135231,2.2142128944396973
953,31.769024993813414,0.11349887400865555,0.00314022833481431,2.5320138931274414
954,31.802360801781738,0.11210653185844421,0.0016183736734092236,2.7788002490997314
955,31.835696609750062,0.10891476273536682,0.0011250183451920748,2.62376070022583
956,31.869032417718387,0.09919077157974243,0.0009630874264985323,2.3441290855407715
957,31.90236822568671,0.14227935671806335,0.003371927421540022,3.540942668914795
958,31.935704033655036,0.1102617084980011,0.0010256714886054397,2.749056339263916
959,31.96903984162336,0.10530617833137512,0.0014141007559373975,2.161491632461548
960,32.002375649591684,0.0930125042796135,0.0016536881448701024,2.395390748977661
961,32.03571145756001,0.1241324245929718,0.001759795006364584,2.8261444568634033
962,32.06904726552833,0.07945623993873596,0.0010906977113336325,6.218776226043701
963,32.10238307349666,0.07855211198329926,0.0006622113287448883,4.763284683227539
964,32.13571888146498,0.07444552332162857,0.0005012138281017542,3.232510566711426
965,32.16905468943331,0.06704050302505493,0.0011308817192912102,2.3087680339813232
966,32.20239049740163,0.1096837967634201,0.0015276980120688677,2.8931782245635986
967,32.23572630536996,0.07725919783115387,0.0007208553142845631,1.9966200590133667
968,32.269062113338286,0.08067762851715088,0.0012615593150258064,2.3004543781280518
969,32.30239792130661,0.07962492108345032,0.001473854761570692,2.4373881816864014
970,32.335733729274935,0.0777737945318222,0.0005523766158148646,2.39384126663208
971,32.369069537243256,0.0940064936876297,0.0010221104603260756,2.8063793182373047
972,32.402405345211584,0.08541836589574814,0.0009739941451698542,2.5331454277038574
973,32.435741153179904,0.09719526022672653,0.0021255756728351116,2.6753358840942383
974,32.46907696114823,0.14526401460170746,0.009744305163621902,18.141775131225586
975,32.50241276911655,0.09893005341291428,0.00029350133263505995,3.5189390182495117
976,32.53574857708488,0.10363933444023132,0.0004291255318094045,4.04028844833374
977,32.5690843850532,0.0816342681646347,0.0011109532788395882,2.5553195476531982
978,32.60242019302153,0.07873690128326416,0.00037663400871679187,1.8793566226959229
979,32.63575600098985,0.07849954068660736,0.0003596265451051295,1.7447824478149414
980,32.66909180895818,0.0762196034193039,0.0006296595092862844,2.2188918590545654
981,32.70242761692651,0.13584375381469727,0.005688462406396866,3.5950276851654053
982,32.73576342489483,0.08834847807884216,0.0006240529473870993,12.909886360168457
983,32.769099232863155,0.06019703671336174,0.00029078760417178273,1.6562291383743286
984,32.802435040831476,0.08091720938682556,0.0006041176384314895,1.963577151298523
985,32.835770848799804,0.07141093909740448,0.0005735688610002398,1.984126091003418
986,32.869106656768125,0.07363443821668625,0.00034359085839241743,3.2759037017822266
987,32.90244246473645,0.11592696607112885,0.0015331562608480453,3.102250337600708
988,32.93577827270477,0.07656366378068924,0.0024134069681167603,1.93533194065094
989,32.9691140806731,0.08658605068922043,0.003939327783882618,1.7598978281021118
990,33.00244988864142,0.08357701450586319,0.002416084287688136,1.8708624839782715
991,33.03578569660975,0.0739462822675705,0.0014302183408290148,2.1238553524017334
992,33.06912150457808,0.13048195838928223,0.004477343522012234,2.9931626319885254
993,33.1024573125464,0.07623502612113953,0.0006922963657416403,1.9707854986190796
994,33.13579312051473,0.09793317317962646,0.0013207284500822425,2.063744306564331
995,33.16912892848305,0.0886293277144432,0.0029488475993275642,1.7157329320907593
996,33.202464736451375,0.09138178825378418,0.0016598349902778864,1.869421362876892
997,33.235800544419696,0.08818471431732178,0.00024338890216313303,1.9739766120910645
998,33.269136352388024,0.13059796392917633,0.002712099812924862,2.947451591491699
999,33.302472160356345,0.12423646450042725,0.002441560383886099,4.937017917633057
1000,33.33580796832467,0.1057412251830101,0.004181818105280399,3.0115737915039062
1001,33.369143776292994,0.14746521413326263,0.003736897138878703,5.671055316925049
1002,33.40247958426132,0.08977212756872177,0.00046058325096964836,3.3411147594451904
1003,33.43581539222965,0.1009473130106926,0.0009698865469545126,1.866775631904602
1004,33.46915120019797,0.14737047255039215,0.011625256389379501,3.0947608947753906
1005,33.5024870081663,0.10068678855895996,0.00019466070807538927,2.265035390853882
1006,33.53582281613462,0.09622165560722351,5.9260048146825284e-05,2.04744815826416
1007,33.56915862410295,0.10699065029621124,0.00026478193467482924,2.8514723777770996
1008,33.60249443207127,0.07037561386823654,0.000264338799752295,2.498288631439209
1009,33.635830240039596,0.06954576820135117,0.00041375108412466943,3.674085855484009
1010,33.66916604800792,0.1258000284433365,0.000976576004177332,4.698559761047363
1011,33.702501855976244,0.10580207407474518,0.0008073770441114902,2.7966318130493164
1012,33.735837663944565,0.10452631115913391,0.001066895085386932,3.2075252532958984
1013,33.76917347191289,0.1018529012799263,0.0010068194242194295,2.279759645462036
1014,33.80250927988122,0.11123315244913101,0.0007794798584654927,4.7965521812438965
1015,33.83584508784954,0.09483500570058823,0.001352629391476512,1.934446096420288
1016,33.86918089581787,0.09321298450231552,0.0008147417102009058,2.538768768310547
1017,33.90251670378619,0.19539450109004974,0.004653725773096085,59.33716583251953
1018,33.93585251175452,0.08500485867261887,0.0002990738721564412,1.5713636875152588
1019,33.96918831972284,0.10241129249334335,0.0019859210588037968,2.0402402877807617
1020,34.00252412769117,0.08869580179452896,0.0020273979753255844,1.8701611757278442
1021,34.03585993565949,0.0840732678771019,0.0009896429255604744,2.173454999923706
1022,34.069195743627816,0.14518867433071136,0.0038386513479053974,3.548063039779663
1023,34.10253155159614,0.09383799880743027,0.0024188770912587643,1.671877145767212
1024,34.135867359564465,0.11198694258928299,0.005505402572453022,3.4678938388824463
1025,34.16920316753279,0.11422993242740631,0.000649561348836869,2.4534108638763428
1026,34.20253897550111,0.2259802222251892,0.0022696256637573242,82.58297729492188
1027,34.23587478346944,0.12433329224586487,0.004319298081099987,2.0901927947998047
1028,34.26921059143776,0.11001183837652206,0.0029275063425302505,1.986810326576233
1029,34.30254639940609,0.10098281502723694,0.0014800832141190767,2.021188259124756
1030,34.33588220737441,0.134588822722435,0.0008754642331041396,2.7821478843688965
1031,34.36921801534274,0.12672573328018188,0.0027332808822393417,2.9762771129608154
1032,34.40255382331106,0.10744373500347137,0.002799456939101219,2.3007123470306396
1033,34.43588963127939,0.14478246867656708,0.01232585497200489,5.231109142303467
1034,34.46922543924771,0.07867642492055893,4.344548506196588e-05,1.5777912139892578
1035,34.502561247216036,0.10937220603227615,0.00019872086704708636,3.2402327060699463
1036,34.53589705518436,0.08738373219966888,0.0002186485507991165,1.7385412454605103
1037,34.569232863152685,0.10083837062120438,0.0010126297129318118,2.122954845428467
1038,34.60256867112101,0.08418415486812592,0.0002914693905040622,1.4544161558151245
1039,34.635904479089334,0.12262683361768723,0.0017773403087630868,3.142778158187866
1040,34.66924028705766,0.08842775225639343,0.0014792006695643067,2.115917205810547
1041,34.70257609502598,0.07876615971326828,0.0011731608537957072,1.5179142951965332
1042,34.73591190299431,0.08501803129911423,0.00042065378511324525,1.6550434827804565
1043,34.76924771096263,0.0763779729604721,0.0005293686408549547,3.059903383255005
1044,34.80258351893096,0.09910710901021957,0.0013459583278745413,3.894601345062256
1045,34.83591932689928,0.08901473134756088,0.0015150783583521843,1.578555703163147
1046,34.86925513486761,0.10504257678985596,0.0026659255381673574,1.5963406562805176
1047,34.90259094283593,0.0979875698685646,0.002929728478193283,2.3250138759613037
1048,34.935926750804256,0.08161953091621399,0.00023057387443259358,2.434793710708618
1049,34.969262558772584,0.09881073981523514,0.002447598148137331,1.8612014055252075
1050,35.002598366740905,0.13272123038768768,0.003707834519445896,2.497459650039673
1051,35.03593417470923,0.10950721800327301,0.0038144190330058336,2.059826374053955
1052,35.069269982677554,0.09775172173976898,0.0006001018336974084,1.9954992532730103
1053,35.10260579064588,0.09288329631090164,0.0008516089292243123,1.4871495962142944
1054,35.1359415986142,0.15790408849716187,0.004112710244953632,6.486214637756348
1055,35.16927740658253,0.11976615339517593,0.0005054265493527055,2.4480373859405518
1056,35.20261321455085,0.12435601651668549,0.0037660179659724236,2.524115800857544
1057,35.23594902251918,0.12245474755764008,0.004038766026496887,2.1810991764068604
1058,35.2692848304875,0.10715647786855698,0.00033781613456085324,2.2217419147491455
1059,35.30262063845583,0.1154261976480484,0.0017253072001039982,2.3911685943603516
1060,35.335956446424156,0.14121606945991516,0.0034640543162822723,3.1715450286865234
1061,35.36929225439248,0.11925753206014633,0.0020341752097010612,1.9805907011032104
1062,35.402628062360805,0.11341308057308197,0.004034077748656273,2.007331371307373
1063,35.435963870329125,0.14182260632514954,0.012951222248375416,2.8196299076080322
1064,35.46929967829745,0.12171562761068344,0.0005000199307687581,2.797320604324341
1065,35.502635486265774,0.08678111433982849,0.0004450306878425181,2.233964443206787
1066,35.5359712942341,0.09440986067056656,0.0005428243894129992,2.295910358428955
1067,35.56930710220242,0.13745082914829254,0.002418750897049904,2.907876968383789
1068,35.60264291017075,0.09207414835691452,0.0009529116796329618,3.0279037952423096
1069,35.63597871813907,0.09331700205802917,0.0019561112858355045,1.8507353067398071
1070,35.6693145261074,0.09283525496721268,0.002005168702453375,2.0742413997650146
1071,35.70265033407573,0.0910603255033493,0.002044154331088066,1.9988094568252563
1072,35.73598614204405,0.09856781363487244,0.0024247574619948864,2.5664708614349365
1073,35.769321950012376,0.13918298482894897,0.005858765449374914,4.403011322021484
1074,35.8026577579807,0.10420391708612442,0.0018262118101119995,2.1783571243286133
1075,35.835993565949025,0.09766427427530289,0.0018739285878837109,1.6554354429244995
1076,35.869329373917346,0.0922754779458046,0.002456771209836006,1.5762981176376343
1077,35.90266518188567,0.11648782342672348,0.00460092443972826,1.686314582824707
1078,35.936000989853994,0.11272338032722473,0.0018461606232449412,2.1446096897125244
1079,35.96933679782232,0.09955140203237534,0.001756463199853897,1.84115469455719
1080,36.00267260579064,0.155209481716156,0.00819355621933937,3.5892438888549805
1081,36.03600841375897,0.1070878878235817,0.001375055406242609,1.8293015956878662
1082,36.0693442217273,0.11867104470729828,0.004495988599956036,2.51597261428833
1083,36.10268002969562,0.13810928165912628,0.005513273645192385,2.0452072620391846
1084,36.13601583766395,0.1398540884256363,0.007241172716021538,2.3174474239349365
1085,36.16935164563227,0.11873083561658859,0.002646226668730378,1.713248610496521
1086,36.202687453600596,0.1635710448026657,0.004271079786121845,3.235809803009033
1087,36.23602326156892,0.10866722464561462,0.0030505992472171783,1.9843631982803345
1088,36.269359069537245,0.1470905989408493,0.010631813667714596,3.6666347980499268
1089,36.302694877505566,0.11972609907388687,0.003324096091091633,2.3475611209869385
1090,36.336030685473894,0.11621100455522537,0.0021267589181661606,2.08445143699646
1091,36.369366493442215,0.10075448453426361,0.0005443114787340164,2.0807275772094727
1092,36.40270230141054,0.1571384072303772,0.01555669866502285,2.290109157562256
1093,36.43603810937886,0.1114410012960434,0.000435669906437397,1.5910965204238892
1094,36.46937391734719,0.12040719389915466,0.00023817672627046704,2.1278929710388184
1095,36.50270972531552,0.16901233792304993,0.0011510169133543968,2.160660982131958
1096,36.53604553328384,0.12407279014587402,0.0008463895646855235,2.0655994415283203
1097,36.56938134125217,0.143525168299675,0.0026366650126874447,2.5087857246398926
1098,36.60271714922049,0.1390634924173355,0.002479144837707281,2.5965354442596436
1099,36.63605295718882,0.1059277206659317,0.0006853897357359529,1.6296724081039429
1100,36.66938876515714,0.11149915307760239,0.002356151817366481,2.647756338119507
1101,36.702724573125465,0.11246462911367416,0.00409464817494154,1.8346270322799683
1102,36.736060381093786,0.08851207792758942,0.001147741568274796,1.9691259860992432
1103,36.769396189062114,0.0937865823507309,0.001782346866093576,2.373739004135132
1104,36.802731997030435,0.09618188440799713,0.0021050721406936646,3.211010456085205
1105,36.83606780499876,0.09546720236539841,0.00437113456428051,1.966670036315918
1106,36.86940361296709,0.144294872879982,0.005132975522428751,1.7603667974472046
1107,36.90273942093541,0.13558560609817505,0.006904441863298416,3.885474681854248
1108,36.93607522890374,0.09149401634931564,0.0023338664323091507,2.191124439239502
1109,36.96941103687206,0.09107376635074615,0.002922742860391736,1.8930584192276
1110,37.00274684484039,0.10579036176204681,0.001958143198862672,2.2547411918640137
1111,37.03608265280871,0.07653395086526871,0.0011815035250037909,1.7589024305343628
1112,37.06941846077704,0.10786184668540955,0.006621073000133038,2.0254387855529785
1113,37.10275426874536,0.09092506021261215,0.002528784330934286,1.6212079524993896
1114,37.136090076713685,0.09765884280204773,0.005570426117628813,1.6343388557434082
1115,37.169425884682006,0.09105271100997925,0.0011801772052422166,1.7175716161727905
1116,37.202761692650334,0.14234648644924164,0.008861405774950981,2.4648985862731934
1117,37.23609750061866,0.10195071995258331,0.008579699322581291,1.7735896110534668
1118,37.26943330858698,0.1040649265050888,0.0010810729581862688,1.8252227306365967
1119,37.30276911655531,0.14247433841228485,0.0018844750011339784,1.7910244464874268
1120,37.33610492452363,0.20756752789020538,0.006648712791502476,2.6969497203826904
1121,37.36944073249196,0.19578973948955536,0.01925097405910492,14.06899356842041
1122,37.40277654046028,0.16696789860725403,0.0005642795003950596,2.1819875240325928
1123,37.43611234842861,0.18087942898273468,0.0009578613098710775,2.0894811153411865
1124,37.46944815639693,0.19117508828639984,0.0017597631085664034,2.729936122894287
1125,37.50278396436526,0.182903453707695,0.005759192630648613,2.2417423725128174
1126,37.53611977233358,0.19197581708431244,0.01180240511894226,2.2763731479644775
1127,37.569455580301906,0.15572108328342438,0.0026662182062864304,3.4850900173187256
1128,37.602791388270234,0.21080978214740753,0.006354539655148983,2.3363494873046875
1129,37.636127196238554,0.19923657178878784,0.004391738213598728,2.166182279586792
1130,37.66946300420688,0.18114042282104492,0.003070572856813669,2.2680962085723877
1131,37.7027988121752,0.20714114606380463,0.006682557053864002,2.626328945159912
1132,37.73613462014353,0.2270803451538086,0.006052618846297264,14.330914497375488
1133,37.76947042811185,0.1910712718963623,0.008384461514651775,2.5190060138702393
1134,37.80280623608018,0.19611120223999023,0.0074574872851371765,2.3398048877716064
1135,37.8361420440485,0.19003409147262573,0.01235752459615469,2.146329879760742
1136,37.86947785201683,0.24242538213729858,0.01255541667342186,14.638640403747559
1137,37.90281365998515,0.22128848731517792,0.01181353535503149,6.143245220184326
1138,37.93614946795348,0.25715407729148865,0.016714442521333694,17.5201416015625
1139,37.969485275921805,0.22744539380073547,0.015176957473158836,4.041428565979004
1140,38.002821083890126,0.19095711410045624,0.01052116695791483,2.293954372406006
1141,38.036156891858454,0.22010397911071777,0.018672943115234375,2.8587048053741455
1142,38.069492699826775,0.1829269528388977,0.008727484382689,2.767199993133545
1143,38.1028285077951,0.16393707692623138,0.007164701819419861,3.996654510498047
1144,38.13616431576342,0.1963043361902237,0.011096118949353695,2.277374505996704
1145,38.16950012373175,0.2017541527748108,0.013214947655797005,2.255861520767212
1146,38.20283593170007,0.18923670053482056,0.006215566769242287,2.5836007595062256
1147,38.2361717396684,0.22715966403484344,0.013425672426819801,3.323070526123047
1148,38.26950754763672,0.19996711611747742,0.010024672374129295,2.103452682495117
1149,38.30284335560505,0.16807015240192413,0.01311521790921688,1.7520942687988281
1150,38.33617916357337,0.19985613226890564,0.00413926038891077,2.699925422668457
1151,38.3695149715417,0.24634456634521484,0.025203987956047058,3.046267509460449
1152,38.402850779510025,0.17790918052196503,0.0039125243201851845,2.2777650356292725
1153,38.436186587478346,0.2275324910879135,0.007431048899888992,3.3844733238220215
1154,38.469522395446674,0.2362176775932312,0.006783720105886459,3.1143925189971924
1155,38.502858203414995,0.23322810232639313,0.001995284575968981,2.589348793029785
1156,38.53619401138332,0.18364092707633972,0.0019725761376321316,1.8276623487472534
1157,38.569529819351644,0.19332093000411987,0.005763916298747063,2.042032241821289
1158,38.60286562731997,0.17383652925491333,0.003122263588011265,3.1833338737487793
1159,38.63620143528829,0.19578906893730164,0.005949508398771286,2.938082456588745
1160,38.66953724325662,0.1793762892484665,0.0037878716830164194,2.2927184104919434
1161,38.70287305122494,0.16504327952861786,0.00482820812612772,3.444239616394043
1162,38.73620885919327,0.20156541466712952,0.009613105095922947,2.58320951461792
1163,38.7695446671616,0.17687447369098663,0.00473701860755682,2.066544532775879
1164,38.80288047512992,0.19042755663394928,0.00918605551123619,2.434511423110962
1165,38.836216283098246,0.16612032055854797,0.005453077144920826,2.385408639907837
1166,38.869552091066566,0.20010890066623688,0.007529129274189472,2.3874294757843018
1167,38.902887899034894,0.14304286241531372,0.004476830363273621,3.04331374168396
1168,38.936223707003215,0.14381568133831024,0.004235010594129562,2.04189395904541
1169,38.96955951497154,0.21746063232421875,0.01726318523287773,2.265176773071289
1170,39.002895322939864,0.1615942269563675,0.004777445457875729,5.1075334548950195
1171,39.03623113090819,0.1762629896402359,0.004526505246758461,2.321779251098633
1172,39.06956693887651,0.20953673124313354,0.004358312115073204,1.9982982873916626
1173,39.10290274684484,0.21483966708183289,0.009819291532039642,2.8465969562530518
1174,39.13623855481317,0.24515891075134277,0.016568826511502266,2.509509325027466
1175,39.16957436278149,0.24970205128192902,0.021296653896570206,2.2093822956085205
1176,39.20291017074982,0.20544086396694183,0.012837553396821022,2.688441038131714
1177,39.23624597871814,0.23505264520645142,0.01682603918015957,2.7721269130706787
1178,39.269581786686466,0.1948987990617752,0.013257039710879326,2.5623085498809814
1179,39.30291759465479,0.2141016572713852,0.00898644421249628,2.1326475143432617
1180,39.336253402623115,0.27734658122062683,0.04511258751153946,2.401674270629883
1181,39.369589210591435,0.21345318853855133,0.01852109283208847,2.016601085662842
1182,39.40292501855976,0.23109105229377747,0.021204058080911636,2.57118558883667
1183,39.436260826528084,0.21393154561519623,0.018414605408906937,2.481273889541626
1184,39.46959663449641,0.15407705307006836,0.008135179057717323,2.1964614391326904
1185,39.50293244246474,0.1900627315044403,0.01263028010725975,2.138794183731079
1186,39.53626825043306,0.16069990396499634,0.009342432022094727,2.041677713394165
1187,39.56960405840139,0.17318496108055115,0.009295938536524773,1.7963690757751465
1188,39.60293986636971,0.16510695219039917,0.013112075626850128,2.174865484237671
1189,39.63627567433804,0.18936781585216522,0.013043452054262161,2.3827390670776367
1190,39.66961148230636,0.2531610131263733,0.015739556401968002,2.6884217262268066
1191,39.702947290274686,0.24474842846393585,0.020644277334213257,2.933587074279785
1192,39.73628309824301,0.22559958696365356,0.009324770420789719,2.9440672397613525
1193,39.769618906211335,0.28521987795829773,0.031157786026597023,2.834812641143799
1194,39.802954714179656,0.2518996596336365,0.008200464770197868,2.881101608276367
1195,39.83629052214798,0.22037087380886078,0.008380570448935032,2.42401123046875
1196,39.86962633011631,0.21804186701774597,0.01722543314099312,2.7158656120300293
1197,39.90296213808463,0.19485899806022644,0.01631811633706093,2.6921730041503906
1198,39.93629794605296,0.22731320559978485,0.02114848978817463,2.4403934478759766
1199,39.96963375402128,0.2350316047668457,0.02863919362425804,2.2901220321655273
1200,40.00296956198961,0.23900753259658813,0.03392525017261505,2.771193027496338
1201,40.03630536995793,0.21111883223056793,0.01988958939909935,2.4613757133483887
1202,40.06964117792626,0.24150878190994263,0.03520147502422333,3.541317939758301
1203,40.10297698589458,0.21621805429458618,0.007825200445950031,2.204258680343628
1204,40.136312793862906,0.25491493940353394,0.029711445793509483,2.530425786972046
1205,40.16964860183123,0.22217904031276703,0.005071597173810005,2.364112377166748
1206,40.202984409799555,0.27870041131973267,0.021532591432332993,3.254868984222412
1207,40.23632021776788,0.28989213705062866,0.034382957965135574,3.1735873222351074
1208,40.269656025736204,0.22195585072040558,0.023294221609830856,2.2677314281463623
1209,40.30299183370453,0.23194092512130737,0.009597944095730782,2.2799220085144043
1210,40.33632764167285,0.2569736838340759,0.043800558894872665,2.4190831184387207
1211,40.36966344964118,0.2540034055709839,0.003435924183577299,2.4578680992126465
1212,40.4029992576095,0.26583221554756165,0.014381801709532738,2.2722432613372803
1213,40.43633506557783,0.24739456176757812,0.009456094354391098,2.6266069412231445
1214,40.46967087354615,0.24610622227191925,0.013535313308238983,2.3884878158569336
1215,40.50300668151448,0.2054324597120285,0.008664850145578384,2.623756170272827
1216,40.5363424894828,0.25239622592926025,0.0160992331802845,2.9474756717681885
1217,40.56967829745113,0.1902320384979248,0.011021770536899567,2.406355857849121
1218,40.60301410541945,0.21015721559524536,0.009178642183542252,3.550765037536621
1219,40.636349913387775,0.2155928611755371,0.011430086567997932,2.688930034637451
1220,40.6696857213561,0.2297695428133011,0.024692349135875702,2.754901885986328
1221,40.703021529324424,0.26797911524772644,0.021981582045555115,2.392808437347412
1222,40.73635733729275,0.2793923020362854,0.015871454030275345,3.850886344909668
1223,40.76969314526107,0.27302560210227966,0.012461462989449501,2.8702757358551025
1224,40.8030289532294,0.31023451685905457,0.01642518676817417,2.6289944648742676
1225,40.83636476119772,0.371427059173584,0.024124905467033386,2.492248058319092
1226,40.86970056916605,0.3520433008670807,0.03542809933423996,2.4171712398529053
1227,40.90303637713437,0.30554622411727905,0.029276177287101746,2.621307611465454
1228,40.9363721851027,0.32831084728240967,0.022647857666015625,2.59158992767334
1229,40.96970799307102,0.33047544956207275,0.03665774688124657,2.56243896484375
1230,41.00304380103935,0.3601330518722534,0.03277667611837387,3.050036907196045
1231,41.036379609007675,0.3363340497016907,0.02522704005241394,3.2731406688690186
1232,41.069715416975995,0.33418166637420654,0.02451086789369583,2.5194923877716064
1233,41.10305122494432,0.3743663728237152,0.04393535852432251,2.8447391986846924
1234,41.136387032912644,0.3910119831562042,0.03404403477907181,3.4068195819854736
1235,41.16972284088097,0.3649996817111969,0.02799912542104721,2.673474073410034
1236,41.20305864884929,0.31120043992996216,0.026012344285845757,2.818070411682129
1237,41.23639445681762,0.3593914806842804,0.031760167330503464,2.404067039489746
1238,41.26973026478594,0.3682616055011749,0.015513219870626926,2.5331315994262695
1239,41.30306607275427,0.3621107339859009,0.03201957046985626,2.745002508163452
1240,41.33640188072259,0.3227037489414215,0.009095590561628342,5.3642377853393555
1241,41.36973768869092,0.34279945492744446,0.016033858060836792,6.4894514083862305
1242,41.403073496659246,0.34943580627441406,0.010071083903312683,5.97451114654541
1243,41.43640930462757,0.2941744029521942,0.012099886313080788,4.632533550262451
1244,41.469745112595895,0.30327510833740234,0.010415894910693169,4.219053268432617
1245,41.503080920564216,0.23570090532302856,0.010840367525815964,3.006617784500122
1246,41.536416728532544,0.237065389752388,0.00798938237130642,3.355044364929199
1247,41.569752536500864,0.2920669913291931,0.012918515130877495,4.134090423583984
1248,41.60308834446919,0.29190582036972046,0.019922107458114624,3.81902813911438
1249,41.63642415243751,0.17911779880523682,0.006255532149225473,3.1268577575683594
1250,41.66975996040584,0.06644663959741592,0.001961592584848404,1.8667912483215332
1251,41.70309576837416,0.07895655184984207,0.0016201117541640997,3.2070610523223877
1252,41.73643157634249,0.10099253058433533,0.0011978666298091412,5.205829620361328
1253,41.76976738431082,0.16573485732078552,0.005991396494209766,6.121323585510254
1254,41.80310319227914,0.08093414455652237,0.007760110776871443,2.4251246452331543
1255,41.836439000247466,0.0812426209449768,0.008605018258094788,2.7305526733398438
1256,41.86977480821579,0.22525498270988464,0.01105218380689621,3.052673816680908
1257,41.903110616184115,0.2730919420719147,0.01716424897313118,3.906411647796631
1258,41.936446424152436,0.3442184627056122,0.003062681294977665,5.117740631103516
1259,41.969782232120764,0.24602587521076202,0.0029948768205940723,2.469670295715332
1260,42.003118040089085,0.18153569102287292,0.00875538494437933,2.507077217102051
1261,42.03645384805741,0.4195936322212219,0.02102116495370865,5.469938278198242
1262,42.06978965602573,0.445902019739151,0.015798419713974,5.851398468017578
1263,42.10312546399406,0.594853937625885,0.028903160244226456,7.646624565124512
1264,42.13646127196239,0.6103485822677612,0.01023993082344532,10.210153579711914
1265,42.16979707993071,0.6136960983276367,0.0334741435945034,3.878746747970581
1266,42.20313288789904,0.8190516233444214,0.05823296681046486,5.268118381500244
1267,42.23646869586736,0.7844310402870178,0.022967282682657242,5.036459922790527
1268,42.26980450383569,0.7871860861778259,0.04125148802995682,5.02996301651001
1269,42.30314031180401,0.846053421497345,0.03453277796506882,5.849913120269775
1270,42.336476119772335,0.81235271692276,0.023959260433912277,5.484423637390137
1271,42.369811927740656,0.8053194880485535,0.03265486657619476,5.546045303344727
1272,42.403147735708984,0.8274866938591003,0.025631878525018692,5.860932350158691
1273,42.436483543677305,0.8461062908172607,0.03865055739879608,5.969435214996338
1274,42.46981935164563,0.8052921295166016,0.03403845801949501,5.7740960121154785
1275,42.503155159613954,0.8135164976119995,0.03837858885526657,5.916144371032715
1276,42.53649096758228,0.8269549608230591,0.04131261259317398,6.287662982940674
1277,42.56982677555061,0.7971920371055603,0.038283415138721466,5.9854736328125
1278,42.60316258351893,0.8160221576690674,0.040663402527570724,6.407439231872559
1279,42.63649839148726,0.7517198324203491,0.016183029860258102,5.962457180023193
1280,42.66983419945558,0.7915305495262146,0.053492095321416855,6.137540817260742
1281,42.70317000742391,0.7232022881507874,0.03050835430622101,5.689980983734131
1282,42.73650581539223,0.6655089259147644,0.023062430322170258,5.276279449462891
1283,42.769841623360556,0.697939932346344,0.0418144091963768,5.559817790985107
1284,42.803177431328876,0.649705171585083,0.03152579814195633,5.345482349395752
1285,42.836513239297204,0.6040771007537842,0.01844276487827301,5.988811492919922
1286,42.869849047265525,0.6323941349983215,0.03549797832965851,6.5729079246521
1287,42.90318485523385,0.6141590476036072,0.029052384197711945,6.5887651443481445
1288,42.93652066320218,0.5945320129394531,0.03013978898525238,5.921433448791504
1289,42.9698564711705,0.6008023619651794,0.025583432987332344,6.501252174377441
1290,43.00319227913883,0.63469398021698,0.032236456871032715,5.818244457244873
1291,43.03652808710715,0.616439700126648,0.027053620666265488,7.481250286102295
1292,43.06986389507548,0.5716661810874939,0.030905671417713165,6.894797325134277
1293,43.1031997030438,0.547031581401825,0.022571446374058723,6.697024345397949
1294,43.13653551101213,0.5488000512123108,0.02136930450797081,5.859024524688721
1295,43.16987131898045,0.5282551646232605,0.019461968913674355,6.295090675354004
1296,43.203207126948776,0.5496904850006104,0.03151007741689682,5.829998970031738
1297,43.2365429349171,0.5556027293205261,0.027361217886209488,5.0021748542785645
1298,43.269878742885425,0.5300219655036926,0.023686857894062996,5.310366630554199
1299,43.30321455085375,0.5000365376472473,0.014737657271325588,4.913937091827393
1300,43.33655035882207,0.5130279064178467,0.0159061998128891,4.853883743286133
1301,43.3698861667904,0.47118228673934937,0.015148542821407318,4.545392036437988
1302,43.40322197475872,0.4053335189819336,0.011172742582857609,3.896942615509033
1303,43.43655778272705,0.44771575927734375,0.02135084569454193,4.11826753616333
1304,43.46989359069537,0.44422999024391174,0.01997712254524231,4.236904621124268
1305,43.5032293986637,0.34531083703041077,0.010936184786260128,3.2463419437408447
1306,43.53656520663202,0.357486367225647,0.014698094688355923,3.7839548587799072
1307,43.56990101460035,0.3669969141483307,0.006300777196884155,4.136326313018799
1308,43.60323682256867,0.35152897238731384,0.01141742616891861,3.452558755874634
1309,43.636572630536996,0.3262641727924347,0.015252974815666676,6.185060501098633
1310,43.669908438505324,0.27656862139701843,0.020023131743073463,3.4818084239959717
1311,43.703244246473645,0.21652103960514069,0.007783165201544762,3.3430700302124023
1312,43.73658005444197,0.10541809350252151,0.004238981753587723,2.326963186264038
1313,43.76991586241029,0.1089189350605011,0.004780804738402367,2.7933576107025146
1314,43.80325167037862,0.06242946907877922,0.0029579573310911655,3.106397867202759
1315,43.83658747834694,0.0788092315196991,0.003008117899298668,5.76922607421875
1316,43.86992328631527,0.08834929019212723,0.0036959336139261723,1.9895963668823242
1317,43.90325909428359,0.061292216181755066,0.0031595281325280666,2.257993698120117
1318,43.93659490225192,0.047635894268751144,0.001894435496069491,2.560324192047119
1319,43.96993071022024,0.03412079066038132,0.001534362556412816,3.028324842453003
1320,44.00326651818857,0.022931579500436783,0.00014735330478288233,3.251671552658081
1321,44.036602326156896,0.045347537845373154,0.0006580569315701723,4.347269535064697
1322,44.069938134125216,0.036004047840833664,0.0008494646172039211,2.791443109512329
1323,44.103273942093544,0.051748961210250854,0.0012645445531234145,3.1103310585021973
1324,44.136609750061865,0.03072929009795189,0.000932666938751936,2.3504066467285156
1325,44.16994555803019,0.0287408959120512,0.0012801499105989933,1.5773314237594604
1326,44.203281365998514,0.04352392628788948,0.0006899394793435931,1.4770429134368896
1327,44.23661717396684,0.024151869118213654,0.0005011194152757525,1.7750331163406372
1328,44.26995298193516,0.09294981509447098,0.011721302755177021,2.0501303672790527
1329,44.30328878990349,0.03261934965848923,0.0002902529085986316,1.9798554182052612
1330,44.33662459787181,0.030508603900671005,6.0203499742783606e-05,1.951798439025879
1331,44.36996040584014,0.01997528225183487,2.6192661607638e-05,1.7369248867034912
1332,44.40329621380846,0.012026987969875336,2.0693346414191183e-07,2.1660327911376953
1333,44.43663202177679,0.007127800025045872,1.4341496807901422e-06,0.8157356381416321
1334,44.469967829745116,0.01782689429819584,1.3231269804236945e-06,2.1434199810028076
1335,44.50330363771344,0.021798163652420044,2.3262775812327163e-06,1.7431607246398926
1336,44.536639445681764,0.03270674869418144,1.2553671695059165e-05,2.028292417526245
1337,44.569975253650085,0.0218688752502203,0.00047959742369130254,2.3915762901306152
1338,44.60331106161841,0.027697311714291573,0.0006782232667319477,2.1260488033294678
1339,44.636646869586734,0.045048587024211884,0.0026099274400621653,2.3731918334960938
1340,44.66998267755506,0.025637298822402954,0.000936296652071178,3.1377031803131104
1341,44.70331848552338,0.021525273099541664,0.0006206367397680879,1.8559210300445557
1342,44.73665429349171,0.022677293047308922,0.00014720088802278042,2.0551023483276367
1343,44.76999010146003,0.043080881237983704,0.0007261319551616907,2.378499984741211
1344,44.80332590942836,0.06404684484004974,0.0010031764395534992,1.7389081716537476
1345,44.83666171739669,0.03346535563468933,0.00026382849318906665,2.093654155731201
1346,44.86999752536501,0.07762635499238968,0.0014181553851813078,2.3776655197143555
