frame,time_seconds,mean_magnitude_pixels_per_frame,median_magnitude_pixels_per_frame,maximum_magnitude_pixels_per_frame
1,0.033346938775510204,0.1064581573009491,1.284493464481784e-06,109.60209655761719
2,0.06669387755102041,0.07501204311847687,8.826263183436822e-06,7.776219844818115
3,0.10004081632653061,0.06209380179643631,1.6688082382643188e-07,7.975534439086914
4,0.13338775510204082,0.04591982066631317,1.0774082284115138e-06,31.900550842285156
5,0.16673469387755102,0.041079383343458176,0.00015820116095710546,8.095782279968262
6,0.20008163265306123,0.09808765351772308,0.0005035145441070199,5.78828763961792
7,0.23342857142857143,0.017397169023752213,4.053014890814666e-06,3.1570775508880615
8,0.26677551020408163,0.06475004553794861,6.531741746584885e-06,4.457540988922119
9,0.30012244897959184,0.08582877367734909,3.344644596836588e-07,6.292246341705322
10,0.33346938775510204,0.0647926852107048,1.9258888528383977e-07,5.518850803375244
11,0.36681632653061225,0.042344845831394196,4.345121595861201e-08,10.482141494750977
12,0.40016326530612245,0.02835673838853836,1.2422449913174205e-07,7.537246227264404
13,0.43351020408163266,0.01590130478143692,5.111495511300745e-07,4.523857116699219
14,0.46685714285714286,0.06844327598810196,6.511468768621853e-07,6.766409397125244
15,0.5002040816326531,0.023613201454281807,5.120659096746749e-08,5.7875590324401855
16,0.5335510204081633,0.03845180571079254,1.5947622955536644e-07,7.228402137756348
17,0.5668979591836735,0.08114120364189148,1.50333808051073e-05,5.62013578414917
18,0.6002448979591837,0.05429234355688095,2.88497699330037e-06,6.969984531402588
19,0.6335918367346939,0.11473255604505539,0.0001442684151697904,13.262008666992188
20,0.6669387755102041,0.08887653797864914,1.4361458852363285e-05,5.798951148986816
21,0.7002857142857143,0.13432124257087708,0.00020864458929281682,8.870867729187012
22,0.7336326530612245,0.08670184016227722,8.582827285863459e-05,5.25068998336792
23,0.7669795918367347,0.027915265411138535,3.539468161761761e-05,4.669273853302002
24,0.8003265306122449,0.03282971680164337,2.336721809115261e-05,3.692042827606201
25,0.8336734693877551,0.06591539829969406,0.0002997847623191774,4.893157005310059
26,0.8670204081632653,0.05413532257080078,7.121376984287053e-05,6.674661636352539
27,0.9003673469387755,0.03311177343130112,6.153517460916191e-05,4.972105503082275
28,0.9337142857142857,0.1167672723531723,0.0006155760493129492,5.183533191680908
29,0.9670612244897959,0.1507878303527832,0.0019723912701010704,11.914981842041016
30,1.0004081632653061,0.05779300257563591,0.00024635219597257674,9.321015357971191
31,1.0337551020408162,0.12166842818260193,0.00016816378047224134,42.20464324951172
32,1.0671020408163265,0.04972212389111519,4.475653258850798e-05,9.776298522949219
33,1.1004489795918366,0.03191811591386795,2.0480651983234566e-06,5.809254169464111
34,1.133795918367347,0.08732125163078308,1.0562967872829176e-05,8.169645309448242
35,1.167142857142857,0.04422074928879738,1.4919509339961223e-05,7.9146952629089355
36,1.2004897959183674,0.041882652789354324,5.416897693066858e-06,6.544198036193848
37,1.2338367346938774,0.09817007184028625,0.0002571460499893874,8.555764198303223
38,1.2671836734693878,0.07975311577320099,4.335424455348402e-05,9.676156997680664
39,1.3005306122448979,0.08375101536512375,4.742956662084907e-05,7.685919761657715
40,1.3338775510204082,0.06223059445619583,2.950637644971721e-05,5.304277420043945
41,1.3672244897959183,0.02898194082081318,1.1975320376222953e-05,5.84404182434082
42,1.4005714285714286,0.12289950251579285,0.0009314746712334454,7.907734394073486
43,1.4339183673469387,0.10066987574100494,0.0008139580022543669,7.773782253265381
44,1.467265306122449,0.12849357724189758,0.0011657987488433719,27.124242782592773
45,1.500612244897959,0.09198054671287537,0.0016655285144224763,5.191887855529785
46,1.5339591836734694,0.05560623109340668,0.0005804733373224735,40.32822036743164
47,1.5673061224489795,0.08974571526050568,0.0005393592873588204,51.45193099975586
48,1.6006530612244898,0.12619458138942719,0.0005171616212464869,48.74544906616211
49,1.634,0.11207432299852371,0.0006042355671525002,76.6968002319336
50,1.6673469387755102,0.08132871985435486,0.0004997957148589194,28.87714195251465
51,1.7006938775510203,0.10151933133602142,0.0008495240472257137,4.818246841430664
52,1.7340408163265306,0.051953598856925964,0.0005691871047019958,33.10620880126953
53,1.7673877551020407,0.09104657173156738,0.000928545487113297,20.705429077148438
54,1.800734693877551,0.05355546250939369,0.00026417814660817385,4.310091495513916
55,1.8340816326530611,0.034683097153902054,0.0001411602715961635,3.8042385578155518
56,1.8674285714285714,0.01233722921460867,0.00010586375719867647,2.7141778469085693
57,1.9007755102040815,0.010347687639296055,8.343875379068777e-06,2.075629234313965
58,1.9341224489795918,0.09971217066049576,0.0027271765284240246,4.470673561096191
59,1.967469387755102,0.011763263493776321,2.2949590857024305e-05,1.5736572742462158
60,2.0008163265306123,0.04391997307538986,9.058614523382857e-05,4.421687126159668
61,2.0341632653061223,0.030127955600619316,0.00023561605485156178,3.7949483394622803
62,2.0675102040816324,0.07919469475746155,0.0003364334406796843,5.153370380401611
63,2.100857142857143,0.03995933756232262,0.0003343319986015558,4.341457843780518
64,2.134204081632653,0.06748911738395691,0.0004619341343641281,4.619790077209473
65,2.167551020408163,0.030865225940942764,0.00016563356621190906,3.0856544971466064
66,2.2008979591836733,0.08940593153238297,0.000902597326785326,4.461058616638184
67,2.234244897959184,0.07910078763961792,0.0006740092067047954,4.4198222160339355
68,2.267591836734694,0.08760220557451248,0.0016524740494787693,5.99195671081543
69,2.300938775510204,0.10509873926639557,0.0019671248737722635,4.577704906463623
70,2.334285714285714,0.038076043128967285,0.0004571786557789892,4.50267219543457
71,2.3676326530612246,0.08801063150167465,0.0008503280696459115,3.788990020751953
72,2.4009795918367347,0.04631749913096428,0.00046218521310947835,5.625300407409668
73,2.434326530612245,0.04945281893014908,0.0005286207888275385,22.62603187561035
74,2.467673469387755,0.0679251179099083,0.00018469175847712904,15.350176811218262
75,2.5010204081632654,0.09570164233446121,0.00017326007946394384,17.702713012695312
76,2.5343673469387755,0.1633886843919754,0.0003813359362538904,16.343538284301758
77,2.5677142857142856,0.2087658792734146,0.002080393023788929,12.936872482299805
78,2.6010612244897957,0.14972755312919617,0.002023285022005439,11.196508407592773
79,2.6344081632653062,0.17424136400222778,0.0011676775757223368,16.812105178833008
80,2.6677551020408163,0.13305214047431946,0.0005036551738157868,16.471736907958984
81,2.7011020408163264,0.17549656331539154,0.001841544872149825,10.543268203735352
82,2.7344489795918365,0.14479762315750122,0.0005983196897432208,14.420434951782227
83,2.767795918367347,0.1335580199956894,0.00045620440505445004,8.11832332611084
84,2.801142857142857,0.1681416630744934,0.0005510551854968071,12.434183120727539
85,2.8344897959183672,0.21534299850463867,0.0019461053889244795,9.061153411865234
86,2.8678367346938773,0.18137052655220032,0.0011992492945864797,8.376269340515137
87,2.901183673469388,0.15501175820827484,0.0010681794956326485,9.606805801391602
88,2.934530612244898,0.20225349068641663,0.0039412109181284904,9.214134216308594
89,2.967877551020408,0.1895962506532669,0.0007154392078518867,31.1530704498291
90,3.001224489795918,0.1942409873008728,0.0008138043340295553,13.725419044494629
91,3.0345714285714287,0.20831546187400818,0.0013311980292201042,9.788862228393555
92,3.067918367346939,0.2315257340669632,0.0008829361759126186,15.145881652832031
93,3.101265306122449,0.24792464077472687,0.0016267597675323486,20.45423126220703
94,3.134612244897959,0.19511795043945312,0.0007391007384285331,12.812966346740723
95,3.1679591836734695,0.15076179802417755,0.0012728823348879814,8.53510856628418
96,3.2013061224489796,0.12912970781326294,0.001489539397880435,5.429720878601074
97,3.2346530612244897,0.165056049823761,0.0021636909805238247,7.279317378997803
98,3.268,0.11433882266283035,0.0013849468668922782,5.871232986450195
99,3.3013469387755103,0.11451508104801178,0.0017765724333003163,5.6285929679870605
100,3.3346938775510204,0.13878631591796875,0.0014986838214099407,54.14158248901367
101,3.3680408163265305,0.15275312960147858,0.003169485367834568,9.826379776000977
102,3.4013877551020406,0.11698273569345474,0.001500779064372182,6.574531555175781
103,3.434734693877551,0.10443547368049622,0.0012872067745774984,5.393194198608398
104,3.4680816326530612,0.16934756934642792,0.0017279245657846332,7.592071533203125
105,3.5014285714285713,0.20940826833248138,0.0028493378777056932,8.322068214416504
106,3.5347755102040814,0.07641162723302841,0.002016960410401225,4.6846842765808105
107,3.568122448979592,0.08910270035266876,0.0029526574071496725,5.506178855895996
108,3.601469387755102,0.11811217665672302,0.001965384930372238,1.9488413333892822
109,3.634816326530612,0.10816419869661331,0.0021709296852350235,4.767361640930176
110,3.6681632653061222,0.051761701703071594,0.0007403052877634764,2.723341464996338
111,3.701510204081633,0.054121777415275574,0.00010133841715287417,4.388216972351074
112,3.734857142857143,0.084576815366745,0.00033620637259446084,9.131047248840332
113,3.768204081632653,0.08635291457176208,0.0009020129218697548,9.539770126342773
114,3.801551020408163,0.11304574459791183,0.0012992911506444216,3.841196060180664
115,3.834897959183673,0.16513332724571228,0.0014404677785933018,5.6721978187561035
116,3.8682448979591837,0.14860589802265167,0.001142323249951005,5.983567714691162
117,3.901591836734694,0.14646679162979126,0.004049390554428101,6.88270378112793
118,3.934938775510204,0.11862543970346451,0.001735457219183445,3.7690281867980957
119,3.968285714285714,0.10038711130619049,0.0005144899478182197,3.804935932159424
120,4.0016326530612245,0.04927365481853485,0.00026718241861090064,4.448296070098877
121,4.034979591836734,0.05316237360239029,0.00018648954574018717,3.7266218662261963
122,4.068326530612245,0.07707256823778152,0.00035215355455875397,4.006823539733887
123,4.101673469387755,0.0706816241145134,0.000869238399900496,3.2511229515075684
124,4.135020408163265,0.04135088622570038,0.00017071375623345375,2.1512200832366943
125,4.168367346938775,0.06830072402954102,0.0009011863148771226,3.3429806232452393
126,4.201714285714286,0.061394546180963516,0.00025948783149942756,4.1672163009643555
127,4.235061224489796,0.059401579201221466,0.0002067765308311209,2.283200263977051
128,4.268408163265306,0.09449455887079239,0.0006944177439436316,2.6398582458496094
129,4.301755102040816,0.10556615144014359,0.0004697325930465013,3.1018588542938232
130,4.335102040816326,0.10924132913351059,0.0007232540519908071,3.710785388946533
131,4.368448979591837,0.11716876924037933,0.0007745862239971757,5.371604919433594
132,4.4017959183673465,0.14779479801654816,0.0018755686469376087,3.92535662651062
133,4.435142857142857,0.20456963777542114,0.001305748475715518,3.2937731742858887
134,4.468489795918368,0.18442724645137787,0.000906214234419167,6.0290846824646
135,4.501836734693877,0.2292894572019577,0.0009600053308531642,4.969427108764648
136,4.535183673469388,0.27360332012176514,0.0012717924546450377,3.0787405967712402
137,4.568530612244897,0.24470475316047668,0.0008168256026692688,2.614941358566284
138,4.601877551020408,0.28482672572135925,0.0010609289165586233,2.9540855884552
139,4.6352244897959185,0.2707187831401825,0.0009341889526695013,3.582864999771118
140,4.668571428571428,0.3023989498615265,0.0018499192083254457,3.530087471008301
141,4.701918367346939,0.2649342715740204,0.001327770878560841,3.3769447803497314
142,4.735265306122449,0.24916648864746094,0.001012446591630578,2.9881739616394043
143,4.768612244897959,0.3824428915977478,0.0016908093821257353,4.763160228729248
144,4.801959183673469,0.31177812814712524,0.0010423765052109957,4.022913932800293
145,4.835306122448979,0.2650827467441559,0.001965925330296159,3.5524039268493652
146,4.86865306122449,0.2823813557624817,0.00163002940826118,3.321153402328491
147,4.902,0.3549860715866089,0.003283380065113306,54.934783935546875
148,4.93534693877551,0.2593552768230438,0.0010214997455477715,3.5839686393737793
149,4.96869387755102,0.3066345453262329,0.0010102512314915657,4.132891654968262
150,5.002040816326531,0.3843954801559448,0.0016894997097551823,5.919220924377441
151,5.0353877551020405,0.4259438216686249,0.0021967971697449684,4.3878092765808105
152,5.068734693877551,0.37864312529563904,0.0012789294123649597,4.184515953063965
153,5.102081632653061,0.3932020962238312,0.0023371796123683453,4.544826507568359
154,5.135428571428571,0.41493093967437744,0.0018058239948004484,4.397692680358887
155,5.168775510204082,0.40770837664604187,0.001989078475162387,5.060402870178223
156,5.202122448979591,0.42077088356018066,0.0008640245068818331,5.128173828125
157,5.235469387755102,0.4029220640659332,0.0017219958826899529,5.0547943115234375
158,5.2688163265306125,0.4189658463001251,0.001028313534334302,5.660820960998535
159,5.302163265306122,0.48326772451400757,0.0009378702379763126,6.111625671386719
160,5.335510204081633,0.5050597786903381,0.001235323492437601,6.126873016357422
161,5.368857142857142,0.515161395072937,0.0029603252187371254,5.690384864807129
162,5.402204081632653,0.4047720432281494,0.0009941512253135443,5.027484893798828
163,5.435551020408163,0.42789870500564575,0.0014072936028242111,4.96144437789917
164,5.468897959183673,0.4151686429977417,0.0020556531380861998,4.813337326049805
165,5.502244897959184,0.4037826359272003,0.002456492045894265,4.686101913452148
166,5.535591836734694,0.4847472906112671,0.005167042370885611,4.84879207611084
167,5.568938775510204,0.44783082604408264,0.003254481591284275,22.52186393737793
168,5.602285714285714,0.41368499398231506,0.0026503782719373703,5.024230003356934
169,5.635632653061224,0.4485870897769928,0.0034917520824819803,5.1857500076293945
170,5.6689795918367345,0.5122585296630859,0.003211841220036149,19.106281280517578
171,5.702326530612245,0.5498642325401306,0.0019220164977014065,5.583261489868164
172,5.735673469387755,0.529898464679718,0.0030636251904070377,5.708717346191406
173,5.769020408163265,0.3166094422340393,0.0032406074460595846,6.145424842834473
174,5.802367346938776,0.6362853646278381,0.004301848821341991,6.169443607330322
175,5.835714285714285,0.42365598678588867,0.0039462740533053875,6.480132102966309
176,5.869061224489796,0.6038637161254883,0.005820272956043482,6.8312201499938965
177,5.902408163265306,0.827237069606781,0.0008932586060836911,7.756459712982178
178,5.935755102040816,0.7807115316390991,0.0032471322920173407,6.128511428833008
179,5.969102040816327,0.5433729887008667,0.001547805848531425,5.369138240814209
180,6.002448979591836,0.6018542051315308,0.00495645496994257,5.702425479888916
181,6.035795918367347,0.6310262680053711,0.004097595810890198,5.0072526931762695
182,6.069142857142857,0.6509702205657959,0.004804358817636967,73.42585754394531
183,6.102489795918367,0.5103858709335327,0.0033129709772765636,4.166544437408447
184,6.135836734693878,0.6485487222671509,0.004318063147366047,83.28153991699219
185,6.169183673469387,0.6419224143028259,0.007946222089231014,5.11843204498291
186,6.202530612244898,0.6170898675918579,0.007569754961878061,5.26535701751709
187,6.235877551020408,0.5785983800888062,0.0028152805753052235,5.337741851806641
188,6.269224489795918,0.6701878309249878,0.004867561161518097,5.690723419189453
189,6.3025714285714285,0.6154985427856445,0.005359159782528877,5.46217679977417
190,6.335918367346939,0.5986651182174683,0.003325133118778467,6.058826446533203
191,6.369265306122449,0.6821811199188232,0.008324967697262764,5.982097148895264
192,6.402612244897959,0.6575310230255127,0.010447745211422443,6.321836471557617
193,6.435959183673469,0.6323263645172119,0.0033566360361874104,14.900172233581543
194,6.469306122448979,0.6415508389472961,0.005663132295012474,6.15473747253418
195,6.50265306122449,0.6675785183906555,0.006363781169056892,6.529889106750488
196,6.536,0.6594387292861938,0.006903898902237415,6.784571170806885
197,6.56934693877551,0.6579506993293762,0.0014312580460682511,6.377604961395264
198,6.602693877551021,0.7138445377349854,0.006297221407294273,6.521883010864258
199,6.63604081632653,0.8405467867851257,0.009103376418352127,94.72608947753906
200,6.669387755102041,0.7201268076896667,0.0013958098134025931,6.292774677276611
201,6.7027346938775505,0.7995455265045166,0.00607115775346756,58.76441955566406
202,6.736081632653061,0.7802853584289551,0.013604220002889633,49.042545318603516
203,6.769428571428572,0.9056664705276489,0.0076539162546396255,80.48434448242188
204,6.802775510204081,0.8973212838172913,0.015548111870884895,34.4312629699707
205,6.836122448979592,0.9895394444465637,0.005442340858280659,75.82809448242188
206,6.869469387755102,0.9442510604858398,0.012241220101714134,56.88069534301758
207,6.902816326530612,0.9430848360061646,0.007410051301121712,7.86450719833374
208,6.9361632653061225,0.9457115530967712,0.010443270206451416,9.693511009216309
209,6.969510204081632,0.9806581139564514,0.009696535766124725,36.456275939941406
210,7.002857142857143,0.9586003422737122,0.005979551933705807,10.12057876586914
211,7.036204081632653,0.9558477401733398,0.0076195113360881805,8.415589332580566
212,7.069551020408163,0.8659323453903198,0.005762486718595028,37.91860580444336
213,7.102897959183673,1.0401864051818848,0.015306377783417702,113.80345916748047
214,7.136244897959184,0.8844892978668213,0.008080312982201576,6.509957313537598
215,7.169591836734694,0.9001827239990234,0.010150454938411713,6.310446739196777
216,7.202938775510204,0.9575483798980713,0.0051801796071231365,88.55699920654297
217,7.236285714285714,0.8389710187911987,0.007130634039640427,10.4746732711792
218,7.269632653061224,0.972650945186615,0.0073385583236813545,83.6325912475586
219,7.302979591836735,0.9410756230354309,0.012347059324383736,7.489954948425293
220,7.3363265306122445,0.851475179195404,0.010352082550525665,6.507102012634277
221,7.369673469387755,0.8240812420845032,0.008123762905597687,7.106835842132568
222,7.403020408163266,0.7722602486610413,0.01438660267740488,6.341240882873535
223,7.436367346938775,0.7565996050834656,0.016838926821947098,40.977237701416016
224,7.469714285714286,0.7386062145233154,0.009319348260760307,41.73814010620117
225,7.503061224489795,0.6614887714385986,0.008160492405295372,5.537132740020752
226,7.536408163265306,0.5606222748756409,0.012718316167593002,4.9012017250061035
227,7.5697551020408165,0.40713077783584595,0.007541419938206673,4.366241455078125
228,7.603102040816326,0.43459704518318176,0.018815916031599045,10.645333290100098
229,7.636448979591837,0.38251033425331116,0.011471986770629883,7.690646171569824
230,7.669795918367346,0.3023647665977478,0.01570030301809311,4.642064094543457
231,7.703142857142857,0.2981935739517212,0.008982224389910698,3.4228179454803467
232,7.736489795918367,0.2901003956794739,0.007537125609815121,3.476951837539673
233,7.769836734693877,0.24002043902873993,0.0017043796833604574,3.722564220428467
234,7.803183673469388,0.25405699014663696,0.004750644322484732,2.2085726261138916
235,7.836530612244898,0.362271785736084,0.015501558780670166,4.152256488800049
236,7.869877551020408,0.38834530115127563,0.0012914736289530993,4.244626045227051
237,7.903224489795918,0.44280707836151123,0.003095159772783518,4.702431678771973
238,7.936571428571428,0.6625884175300598,0.013336794450879097,16.231456756591797
239,7.9699183673469385,0.6480724215507507,0.011248698458075523,5.897556781768799
240,8.003265306122449,0.5441466569900513,0.008107345551252365,4.385933876037598
241,8.03661224489796,0.5343174934387207,0.005559604614973068,9.657696723937988
242,8.069959183673468,0.5335031151771545,0.010101886466145515,7.979333877563477
243,8.103306122448979,0.46159541606903076,0.01125100813806057,5.642918586730957
244,8.13665306122449,0.4378834664821625,0.00798922497779131,4.697092056274414
245,8.17,0.39481040835380554,0.014977245591580868,3.7210171222686768
246,8.20334693877551,0.4565204977989197,0.016449563205242157,11.671001434326172
247,8.236693877551021,0.5027268528938293,0.003717967774719,4.502932071685791
248,8.27004081632653,0.5534027814865112,0.015299947001039982,4.818120956420898
249,8.30338775510204,0.5012495517730713,0.010142689570784569,5.134108543395996
250,8.33673469387755,0.5614779591560364,0.020907040685415268,5.767936706542969
251,8.370081632653061,0.5014525651931763,0.018347084522247314,5.809311389923096
252,8.403428571428572,0.44863998889923096,0.003164275549352169,5.460730075836182
253,8.43677551020408,0.5094712972640991,0.015343620441854,5.236449718475342
254,8.470122448979591,0.43104374408721924,0.007769257761538029,5.5231781005859375
255,8.503469387755102,0.4399676024913788,0.021586168557405472,5.3831586837768555
256,8.536816326530612,0.3691185414791107,0.007371596992015839,5.252430438995361
257,8.570163265306123,0.36964496970176697,0.012196535244584084,3.0339102745056152
258,8.603510204081632,0.38765281438827515,0.009551544673740864,3.357452630996704
259,8.636857142857142,0.2379257082939148,0.017531994730234146,2.3105783462524414
260,8.670204081632653,0.19174551963806152,0.0014027375727891922,2.257472276687622
261,8.703551020408163,0.2933429181575775,0.011421985924243927,2.5813186168670654
262,8.736897959183674,0.16302308440208435,0.006586550269275904,3.1114633083343506
263,8.770244897959184,0.07554451376199722,0.007720607798546553,2.4374840259552
264,8.803591836734693,0.01645689457654953,9.315250281360932e-06,2.0022008419036865
265,8.836938775510204,0.16490687429904938,0.019606607034802437,2.332352876663208
266,8.870285714285714,0.09316784888505936,0.00019572151359170675,2.254119396209717
267,8.903632653061225,0.1946113407611847,0.018782764673233032,2.058833360671997
268,8.936979591836735,0.2792363166809082,0.02052459679543972,4.546535968780518
269,8.970326530612244,0.10648306459188461,0.002141414675861597,2.2828266620635986
270,9.003673469387754,0.16413909196853638,0.004114213399589062,2.3315606117248535
271,9.037020408163265,0.1662440150976181,0.006987658329308033,3.0952975749969482
272,9.070367346938776,0.21733134984970093,0.009969083592295647,3.6079776287078857
273,9.103714285714286,0.2444116324186325,0.012192598544061184,3.206630229949951
274,9.137061224489795,0.16378219425678253,0.000744304561521858,2.2225985527038574
275,9.170408163265305,0.11354557424783707,0.002310479525476694,2.9906086921691895
276,9.203755102040816,0.043336980044841766,0.004274986684322357,2.4177348613739014
277,9.237102040816326,0.027124084532260895,0.0025905638467520475,1.6167994737625122
278,9.270448979591837,0.10413682460784912,0.0020068467129021883,3.003884792327881
279,9.303795918367348,0.1274525374174118,0.004621880128979683,1.5997185707092285
280,9.337142857142856,0.21759116649627686,0.00606202706694603,1.9478907585144043
281,9.370489795918367,0.21959099173545837,0.0075185662135481834,2.089886426925659
282,9.403836734693877,0.09181620180606842,0.0009268545545637608,1.510305404663086
283,9.437183673469388,0.020743051543831825,0.0005840149242430925,1.1921041011810303
284,9.470530612244898,0.018546419218182564,0.0007021438796073198,1.651021122932434
285,9.503877551020407,0.021809563040733337,0.0011622902238741517,1.3491097688674927
286,9.537224489795918,0.01807703636586666,0.00016166441491805017,1.3554201126098633
287,9.570571428571428,0.10246312618255615,0.0028075771406292915,1.8023173809051514
288,9.603918367346939,0.3026786744594574,0.0187423937022686,2.3142125606536865
289,9.63726530612245,0.320397287607193,0.006262952461838722,2.3581204414367676
290,9.670612244897958,0.20216481387615204,0.0020378930494189262,1.6823540925979614
291,9.703959183673469,0.022399116307497025,0.00046389736235141754,1.145505428314209
292,9.73730612244898,0.0416620709002018,0.0013195418287068605,1.436585545539856
293,9.77065306122449,0.058125972747802734,0.0011074937647208571,1.7921013832092285
294,9.804,0.19521799683570862,0.022173060104250908,2.2892606258392334
295,9.83734693877551,0.04591277986764908,0.0005957487737759948,1.5087429285049438
296,9.87069387755102,0.06775298714637756,0.000922243227250874,2.0253896713256836
297,9.90404081632653,0.06064068526029587,0.0010832746047526598,2.2543442249298096
298,9.93738775510204,0.015893956646323204,4.1922372474800795e-05,0.8957374095916748
299,9.970734693877551,0.025938408449292183,1.4413867575058248e-05,1.7750663757324219
300,10.004081632653062,0.03389689326286316,3.65812229574658e-05,1.6354773044586182
301,10.03742857142857,0.02053733915090561,7.250794442370534e-05,1.8346776962280273
302,10.070775510204081,0.04186635464429855,0.00012073724064975977,1.9585659503936768
303,10.104122448979592,0.020147427916526794,1.8598173483042046e-05,1.2305083274841309
304,10.137469387755102,0.019066646695137024,1.2459631761885248e-05,1.5124112367630005
305,10.170816326530613,0.03403531759977341,0.00013655093789566308,1.6484146118164062
306,10.204163265306121,0.03527577221393585,6.644687346124556e-06,2.783828020095825
307,10.237510204081632,0.019065698608756065,2.76366245088866e-06,0.8237927556037903
308,10.270857142857142,0.016730718314647675,7.780510713928379e-06,0.8600590229034424
309,10.304204081632653,0.01703738234937191,3.183618900948204e-06,1.1020889282226562
310,10.337551020408164,0.01962231658399105,4.178403287369292e-06,1.3265178203582764
311,10.370897959183674,0.023445511236786842,1.4002262105350383e-06,2.3627443313598633
312,10.404244897959183,0.021448174491524696,4.474421984923538e-06,1.8807615041732788
313,10.437591836734693,0.020715169608592987,3.944850504922215e-06,2.9601781368255615
314,10.470938775510204,0.05438007414340973,1.0703366569941863e-05,3.0360453128814697
315,10.504285714285714,0.05389491096138954,9.440440408070572e-06,5.051002502441406
316,10.537632653061225,0.07561203837394714,3.6637979064835235e-05,7.644484996795654
317,10.570979591836734,0.06200738623738289,0.00038327364018186927,6.383325099945068
318,10.604326530612244,0.0515793152153492,3.65272580893361e-06,7.364135265350342
319,10.637673469387755,0.06952676177024841,1.6046922610257752e-05,4.32341194152832
320,10.671020408163265,0.04586697369813919,0.0003448635106906295,2.45471453666687
321,10.704367346938776,0.040583863854408264,6.62875072521274e-06,2.103469133377075
322,10.737714285714285,0.038384728133678436,1.2188067557872273e-05,2.854945182800293
323,10.771061224489795,0.03713831678032875,2.3793531909177545e-06,2.7835750579833984
324,10.804408163265306,0.13459134101867676,0.018494728952646255,3.1067492961883545
325,10.837755102040816,0.0306276585906744,0.0006886395276524127,1.5625824928283691
326,10.871102040816327,0.0611049123108387,9.534556738799438e-06,5.143179416656494
327,10.904448979591837,0.06188289821147919,2.7434150979388505e-05,4.969501972198486
328,10.937795918367346,0.05579846352338791,2.377006967435591e-05,5.1363444328308105
329,10.971142857142857,0.08445694297552109,3.8993886846583337e-05,7.675749778747559
330,11.004489795918367,0.09383532404899597,4.925580469716806e-06,20.234237670898438
331,11.037836734693878,0.07947790622711182,9.000470527098514e-06,12.10250473022461
332,11.071183673469388,0.03488129377365112,2.5484284833510173e-06,5.548666000366211
333,11.104530612244897,0.029806554317474365,9.527710062684491e-06,2.783736228942871
334,11.137877551020408,0.01814252696931362,1.5442237781826407e-06,1.2849477529525757
335,11.171224489795918,0.011471538804471493,1.3679587027581874e-06,0.7654834389686584
336,11.204571428571429,0.015382470563054085,1.2262320296940743e-06,1.250847578048706
337,11.23791836734694,0.01937384158372879,1.732452801661566e-06,1.5548855066299438
338,11.271265306122448,0.022620640695095062,9.316877367382403e-07,2.2406606674194336
339,11.304612244897958,0.01982644386589527,1.02881972452451e-06,1.178462266921997
340,11.337959183673469,0.018538078293204308,9.641906899560126e-07,1.7082487344741821
341,11.37130612244898,0.027147464454174042,3.6692269986815518e-06,2.5458645820617676
342,11.40465306122449,0.029442211613059044,2.028200924542034e-06,2.9401168823242188
343,11.438,0.032851532101631165,4.230154445394874e-06,2.8119699954986572
344,11.47134693877551,0.061255984008312225,0.0025547475088387728,2.583209276199341
345,11.50469387755102,0.05956130474805832,0.002892357064411044,2.264235019683838
346,11.53804081632653,0.05602681636810303,0.005852933041751385,3.384497880935669
347,11.571387755102041,0.04927462339401245,0.0013437411980703473,2.445622205734253
348,11.604734693877552,0.04341121390461922,0.0013335528783500195,2.314586639404297
349,11.63808163265306,0.029067937284708023,0.001882879063487053,1.9299917221069336
350,11.67142857142857,0.018831200897693634,0.00035885092802345753,1.5825910568237305
351,11.704775510204081,0.03284287825226784,0.0004045765090268105,1.3834657669067383
352,11.738122448979592,0.027710966765880585,0.0016654187347739935,1.4954204559326172
353,11.771469387755102,0.05044467747211456,0.0007593778427690268,2.832216739654541
354,11.804816326530611,0.0782260075211525,0.017090793699026108,2.3287670612335205
355,11.838163265306122,0.03808965906500816,1.9844381313305348e-05,3.012502431869507
356,11.871510204081632,0.027505965903401375,2.0769803086295724e-06,1.0251182317733765
357,11.904857142857143,0.011605571955442429,1.5283742413885193e-06,2.1996936798095703
358,11.938204081632653,0.018937483429908752,7.806919484210084e-07,2.087002754211426
359,11.971551020408162,0.009975278750061989,8.894294296624139e-07,1.385168194770813
360,12.004897959183673,0.018312612548470497,1.3081901215628022e-06,1.8005692958831787
361,12.038244897959183,0.040279388427734375,2.4944449705799343e-06,2.9389431476593018
362,12.071591836734694,0.03455379977822304,4.886003443971276e-05,2.570873498916626
363,12.104938775510204,0.055842358618974686,0.0004499250208027661,2.0675973892211914
364,12.138285714285715,0.03330911323428154,0.00020923034753650427,1.4039278030395508
365,12.171632653061224,0.026956286281347275,0.00012503686593845487,1.5884355306625366
366,12.204979591836734,0.03249172866344452,1.2664750101976097e-05,2.7646236419677734
367,12.238326530612245,0.025004945695400238,1.0329403266950976e-05,2.6374435424804688
368,12.271673469387755,0.029329486191272736,1.509731555415783e-05,3.678154230117798
369,12.305020408163266,0.03495525196194649,2.1218627807684243e-05,3.784982204437256
370,12.338367346938774,0.03860544413328171,5.896126367588295e-06,8.492652893066406
371,12.371714285714285,0.04607595130801201,4.205015102343168e-06,14.9873685836792
372,12.405061224489796,0.03555942699313164,6.158576979942154e-06,7.0934038162231445
373,12.438408163265306,0.046401578933000565,0.00021456205286085606,2.1857378482818604
374,12.471755102040817,0.032455187290906906,1.2352018529782072e-05,1.5124883651733398
375,12.505102040816325,0.030045906081795692,6.339173523883801e-06,1.3227930068969727
376,12.538448979591836,0.044445719569921494,0.00011283203639322892,1.8151438236236572
377,12.571795918367346,0.018143782392144203,4.5401266106637195e-05,1.3379038572311401
378,12.605142857142857,0.026943514123558998,1.8267313862452284e-05,1.4565752744674683
379,12.638489795918368,0.022593341767787933,8.368857379537076e-06,1.5710114240646362
380,12.671836734693878,0.027071639895439148,5.1899609388783574e-05,1.351254940032959
381,12.705183673469387,0.03256765007972717,0.0001719323336146772,0.9115086793899536
382,12.738530612244897,0.02966623194515705,1.6616595530649647e-05,1.029118299484253
383,12.771877551020408,0.08408849686384201,0.018845347687602043,2.06164288520813
384,12.805224489795918,0.017364488914608955,0.0004741187149193138,0.7674256563186646
385,12.838571428571429,0.01619664765894413,6.40889338683337e-05,1.2878150939941406
386,12.871918367346938,0.021194100379943848,3.3754215110093355e-05,2.658836603164673
387,12.905265306122448,0.0457436703145504,0.00034625842818059027,2.4447193145751953
388,12.938612244897959,0.03639930114150047,0.00017551789642311633,2.4262537956237793
389,12.97195918367347,0.0284874364733696,3.983152419095859e-05,1.1438380479812622
390,13.00530612244898,0.21463559567928314,0.003497905097901821,5.057059288024902
391,13.038653061224489,0.15650613605976105,0.004501644987612963,3.784982919692993
392,13.072,0.12345737963914871,0.003710363060235977,2.551034927368164
393,13.10534693877551,0.043013520538806915,0.0009861655998975039,1.2627379894256592
394,13.13869387755102,0.039573244750499725,0.0007536012562923133,0.9804608225822449
395,13.17204081632653,0.15522482991218567,0.003601968754082918,3.338106393814087
396,13.205387755102041,0.14472414553165436,0.0032866871915757656,3.025928497314453
397,13.23873469387755,0.15870274603366852,0.007323683705180883,2.074100971221924
398,13.27208163265306,0.14875872433185577,0.008598849177360535,2.154980421066284
399,13.305428571428571,0.13669879734516144,0.002909330651164055,2.1322133541107178
400,13.338775510204082,0.15804031491279602,0.004475734196603298,1.7177361249923706
401,13.372122448979592,0.15314891934394836,0.004098796285688877,2.211247682571411
402,13.405469387755101,0.21771806478500366,0.017169302329421043,2.3300797939300537
403,13.438816326530612,0.17727647721767426,0.005379423499107361,1.8546990156173706
404,13.472163265306122,0.20475603640079498,0.003958675544708967,2.0475821495056152
405,13.505510204081633,0.2729523777961731,0.012528624385595322,2.3016469478607178
406,13.538857142857143,0.2322862446308136,0.007517533376812935,2.2892441749572754
407,13.572204081632652,0.2489667534828186,0.007945281453430653,2.421133041381836
408,13.605551020408162,0.28451061248779297,0.016352104023098946,2.655460834503174
409,13.638897959183673,0.24754728376865387,0.007370174862444401,2.6813414096832275
410,13.672244897959184,0.24217817187309265,0.0009866927284747362,2.6637682914733887
411,13.705591836734694,0.2497720718383789,0.0013689729385077953,2.5166547298431396
412,13.738938775510205,0.27784040570259094,0.0004157060175202787,3.146594285964966
413,13.772285714285713,0.31960535049438477,0.02396164834499359,2.8862686157226562
414,13.805632653061224,0.29546383023262024,0.006224610842764378,3.0140933990478516
415,13.838979591836734,0.2522602379322052,0.0018550539389252663,2.597989559173584
416,13.872326530612245,0.2989044785499573,0.014065125957131386,3.3799333572387695
417,13.905673469387756,0.26391279697418213,0.009316165000200272,3.780656337738037
418,13.939020408163264,0.2173396199941635,0.0007887918036431074,2.897874116897583
419,13.972367346938775,0.22432544827461243,0.0008876887150108814,2.498735189437866
420,14.005714285714285,0.2976037263870239,0.005444459617137909,3.4726855754852295
421,14.039061224489796,0.27143505215644836,0.0032259970903396606,2.9878487586975098
422,14.072408163265306,0.24043427407741547,0.0008968967013061047,2.727597236633301
423,14.105755102040815,0.27629905939102173,0.004781152121722698,2.7374277114868164
424,14.139102040816326,0.2990265190601349,0.007958558388054371,4.286317825317383
425,14.172448979591836,0.27673524618148804,0.014593208208680153,4.138228416442871
426,14.205795918367347,0.20257675647735596,0.011584720574319363,3.277695417404175
427,14.239142857142857,0.22453485429286957,0.009406894445419312,2.7917892932891846
428,14.272489795918368,0.20800825953483582,0.006579517386853695,4.459307670593262
429,14.305836734693877,0.18962758779525757,0.004424036014825106,3.4031097888946533
430,14.339183673469387,0.18243685364723206,0.0031259991228580475,3.2630186080932617
431,14.372530612244898,0.197819322347641,0.003355324501171708,3.326361894607544
432,14.405877551020408,0.20888535678386688,0.0027275001630187035,3.582974910736084
433,14.439224489795919,0.24003982543945312,0.00299848522990942,3.459137201309204
434,14.472571428571428,0.21721750497817993,0.0022734482772648335,3.385653257369995
435,14.505918367346938,0.2611170709133148,0.004514116793870926,3.6380062103271484
436,14.539265306122449,0.22644363343715668,0.0059890830889344215,3.298977851867676
437,14.57261224489796,0.2448466420173645,0.006500703748315573,3.191157341003418
438,14.60595918367347,0.2731000483036041,0.009822558611631393,3.130647897720337
439,14.639306122448978,0.24156111478805542,0.011266227811574936,3.5249664783477783
440,14.672653061224489,0.23491409420967102,0.0041989972814917564,3.321013927459717
441,14.706,0.2308349311351776,0.002013630233705044,2.873866558074951
442,14.73934693877551,0.2933487594127655,0.013910571113228798,3.604130506515503
443,14.77269387755102,0.2554359436035156,0.004687292501330376,3.718039035797119
444,14.806040816326531,0.21514175832271576,0.003061381634324789,2.968815326690674
445,14.83938775510204,0.27389511466026306,0.006341592874377966,3.8391075134277344
446,14.87273469387755,0.23421645164489746,0.002756781643256545,3.348235607147217
447,14.906081632653061,0.24418343603610992,0.004769645165652037,3.4856505393981934
448,14.939428571428572,0.21483652293682098,0.002931111492216587,2.666496753692627
449,14.972775510204082,0.2834390103816986,0.004673128016293049,3.4870388507843018
450,15.00612244897959,0.22108404338359833,0.0025122936349362135,2.9940474033355713
451,15.039469387755101,0.25356289744377136,0.004996889736503363,3.5165822505950928
452,15.072816326530612,0.1939958781003952,0.0017711936961859465,2.5502443313598633
453,15.106163265306122,0.1863449215888977,0.00042724411468952894,2.893780469894409
454,15.139510204081633,0.17918354272842407,0.0004802787443622947,2.6780765056610107
455,15.172857142857142,0.18726176023483276,0.0006400201236829162,2.6851489543914795
456,15.206204081632652,0.22306860983371735,0.0018781963735818863,2.9107348918914795
457,15.239551020408163,0.20183219015598297,0.0015631867572665215,4.322355270385742
458,15.272897959183673,0.21176965534687042,0.0009879746939986944,3.6902902126312256
459,15.306244897959184,0.19093990325927734,0.0007894518785178661,2.852825880050659
460,15.339591836734693,0.2549896240234375,0.008573722094297409,4.600980281829834
461,15.372938775510203,0.1727256178855896,0.0025226736906915903,2.387302875518799
462,15.406285714285714,0.2405180186033249,0.006047115661203861,4.3690185546875
463,15.439632653061224,0.23564352095127106,0.0045134397223591805,3.133676052093506
464,15.472979591836735,0.22521427273750305,0.0044253431260585785,3.2140214443206787
465,15.506326530612245,0.20885413885116577,0.002747924765571952,2.835693120956421
466,15.539673469387754,0.2528754770755768,0.0037179491482675076,5.1629719734191895
467,15.573020408163265,0.19423432648181915,0.0015123267658054829,2.506502866744995
468,15.606367346938775,0.151162251830101,0.0006325821741484106,2.4462263584136963
469,15.639714285714286,0.2039683312177658,0.0029334803111851215,3.16613507270813
470,15.673061224489796,0.17997866868972778,0.0023130406625568867,3.365915060043335
471,15.706408163265305,0.1584390550851822,0.0013315770775079727,2.936415195465088
472,15.739755102040816,0.22835662961006165,0.00894174724817276,5.112617015838623
473,15.773102040816326,0.19730986654758453,0.002187171019613743,4.9894561767578125
474,15.806448979591837,0.1588015854358673,0.0008637162391096354,3.4385757446289062
475,15.839795918367347,0.16535548865795135,0.002207587007433176,2.9462201595306396
476,15.873142857142856,0.1502484679222107,0.001779103185981512,3.0809032917022705
477,15.906489795918366,0.18431469798088074,0.002376853721216321,4.814492225646973
478,15.939836734693877,0.13440538942813873,0.0008263508789241314,2.3345398902893066
479,15.973183673469388,0.12460950016975403,0.0010858143214136362,2.3411102294921875
480,16.006530612244898,0.11824320256710052,0.00110802729614079,2.4786040782928467
481,16.039877551020407,0.11737731099128723,0.0004345570341683924,2.1583430767059326
482,16.07322448979592,0.14787557721138,0.001202055485919118,4.705033779144287
483,16.106571428571428,0.16006486117839813,0.0016274135559797287,3.229790210723877
484,16.139918367346937,0.11334884166717529,0.0006070469971746206,3.1454429626464844
485,16.17326530612245,0.10048186779022217,0.0005320393247529864,2.091526746749878
486,16.206612244897958,0.11116375029087067,0.0006116138538345695,2.73232364654541
487,16.23995918367347,0.13465985655784607,0.0009676405461505055,2.437835931777954
488,16.27330612244898,0.1332545280456543,0.0011191616067662835,3.0260026454925537
489,16.30665306122449,0.15604175627231598,0.002653355710208416,3.200538158416748
490,16.34,0.11008889973163605,0.0013623891863971949,2.5468859672546387
491,16.37334693877551,0.19721373915672302,0.0021214871667325497,2.8474512100219727
492,16.40669387755102,0.13453048467636108,0.0006769223837181926,2.963531255722046
493,16.44004081632653,0.18268366158008575,0.001249863300472498,25.80950355529785
494,16.473387755102042,0.12793081998825073,0.0004747812345158309,6.274659156799316
495,16.50673469387755,0.10513923317193985,0.00035798767930828035,2.276732921600342
496,16.54008163265306,0.10522022098302841,0.000289041840005666,3.784437417984009
497,16.573428571428572,0.12194662541151047,0.000683785299770534,2.947923421859741
498,16.60677551020408,0.10592249780893326,0.0003739653038792312,1.9726594686508179
499,16.640122448979593,0.12195546180009842,0.0005089659243822098,12.237049102783203
500,16.6734693877551,0.11833018809556961,0.0007903308141976595,3.406933307647705
501,16.70681632653061,0.17112864553928375,0.007354968227446079,32.365478515625
502,16.740163265306123,0.07468529790639877,0.0004488901176955551,19.265247344970703
503,16.77351020408163,0.07602867484092712,0.00017351104179397225,2.328451633453369
504,16.806857142857144,0.07204118371009827,0.0001703589514363557,21.334346771240234
505,16.840204081632653,0.07246878743171692,8.691211405675858e-05,20.383846282958984
506,16.87355102040816,0.10347486287355423,0.0002685170038603246,20.417509078979492
507,16.906897959183674,0.07042565941810608,0.00014767009997740388,3.308892250061035
508,16.940244897959182,0.07769626379013062,0.00016291711654048413,16.650318145751953
509,16.973591836734695,0.09164709597826004,0.00027342757675796747,16.653457641601562
510,17.006938775510203,0.08690901100635529,0.0001081743830582127,20.010900497436523
511,17.040285714285712,0.0988384261727333,0.00024071085499599576,16.692190170288086
512,17.073632653061225,0.07153836637735367,0.0005229442613199353,1.7181559801101685
513,17.106979591836733,0.09943734854459763,0.0003193743759766221,1.8243048191070557
514,17.140326530612246,0.16065090894699097,0.0010321428999304771,30.921428680419922
515,17.173673469387754,0.11371637880802155,0.0006805245648138225,13.364444732666016
516,17.207020408163263,0.09545306116342545,0.0003966146323364228,13.639803886413574
517,17.240367346938775,0.06687111407518387,0.00034927859087474644,17.13038444519043
518,17.273714285714284,0.07054290175437927,0.00014979396655689925,13.12939453125
519,17.307061224489797,0.07011876255273819,8.06107564130798e-05,8.907526016235352
520,17.340408163265305,0.06529051065444946,0.00016280487761832774,1.7285345792770386
521,17.373755102040818,0.06520121544599533,0.00033580465242266655,2.8071603775024414
522,17.407102040816326,0.04465838894248009,0.00013032491551712155,3.0530197620391846
523,17.440448979591835,0.05438343808054924,0.00020441417291294783,2.9383065700531006
524,17.473795918367347,0.051809970289468765,0.00018975026614498347,2.942582368850708
525,17.507142857142856,0.07729195058345795,0.0003539292374625802,53.73701477050781
526,17.54048979591837,0.06592553853988647,0.0002047702728305012,3.995377540588379
527,17.573836734693877,0.06093833968043327,5.2799445256823674e-05,3.597611665725708
528,17.607183673469386,0.06186513602733612,0.00011022117541870102,3.2241249084472656
529,17.6405306122449,0.07472791522741318,0.00025701336562633514,4.3342976570129395
530,17.673877551020407,0.10244645923376083,0.0002185394987463951,3.627540111541748
531,17.70722448979592,0.17341925203800201,0.007287036161869764,45.54950714111328
532,17.740571428571428,0.09633769094944,0.0006694111507385969,4.852219104766846
533,17.773918367346937,0.12144826352596283,0.0005014819907955825,2.3753304481506348
534,17.80726530612245,0.11916681379079819,0.0001931173901539296,2.3154091835021973
535,17.840612244897958,0.1039704829454422,0.00038317241705954075,2.7968904972076416
536,17.87395918367347,0.11355587095022202,0.0004245429299771786,2.130140781402588
537,17.90730612244898,0.1470126509666443,0.0002776053734123707,5.366781234741211
538,17.940653061224488,0.10248740017414093,0.0002130687062162906,3.5400002002716064
539,17.974,0.10524198412895203,0.00019935937598347664,2.8336353302001953
540,18.00734693877551,0.08957508206367493,0.00018799131794366986,1.6082184314727783
541,18.04069387755102,0.0914691686630249,0.00027461344143375754,2.3656108379364014
542,18.07404081632653,0.08848264068365097,0.00013529547140933573,5.794766426086426
543,18.10738775510204,0.11301754415035248,0.0010411262046545744,5.77766227722168
544,18.14073469387755,0.07513230293989182,0.0006948194932192564,2.0997681617736816
545,18.17408163265306,0.06723204255104065,0.00013964760000817478,3.200460910797119
546,18.207428571428572,0.054060060530900955,0.00027852377388626337,1.8578556776046753
547,18.24077551020408,0.04205122962594032,0.0003374291118234396,3.664323091506958
548,18.27412244897959,0.039557088166475296,8.352198346983641e-05,0.9500736594200134
549,18.307469387755102,0.018435167148709297,2.006214708671905e-05,2.704822540283203
550,18.34081632653061,0.05874733254313469,3.31535266013816e-05,3.4524714946746826
551,18.374163265306123,0.032609548419713974,0.00010153486800845712,2.395555019378662
552,18.407510204081632,0.036373868584632874,1.279890420846641e-05,1.5927468538284302
553,18.440857142857144,0.06207040324807167,0.0001421089400537312,4.2804646492004395
554,18.474204081632653,0.062009189277887344,0.0003519441816024482,3.626788854598999
555,18.50755102040816,0.050750941038131714,7.192948396550491e-05,3.9782583713531494
556,18.540897959183674,0.043954238295555115,9.422129369340837e-05,3.4185261726379395
557,18.574244897959183,0.05641775578260422,0.00013632781337946653,3.2502694129943848
558,18.607591836734695,0.08597173541784286,0.0007243930594995618,6.3763885498046875
559,18.640938775510204,0.05922044813632965,0.0002546421019360423,3.8710412979125977
560,18.674285714285713,0.11602694541215897,0.006633131764829159,4.51703405380249
561,18.707632653061225,0.04151540622115135,0.0004072432639077306,3.100379467010498
562,18.740979591836734,0.0683240219950676,3.615305104176514e-05,4.005249500274658
563,18.774326530612246,0.021704066544771194,2.0454001514735864e-06,2.4373810291290283
564,18.807673469387755,0.017672665417194366,3.102166829194175e-06,2.5905847549438477
565,18.841020408163264,0.03371317684650421,1.83912088687066e-05,4.461667537689209
566,18.874367346938776,0.009716863743960857,1.2491736924857832e-06,2.1527459621429443
567,18.907714285714285,0.028662409633398056,1.863496208898141e-06,3.7106244564056396
568,18.941061224489797,0.05911337584257126,1.1948539395234548e-05,3.2601277828216553
569,18.974408163265306,0.030381347984075546,4.465847268875223e-06,1.6553796529769897
570,19.007755102040814,0.033389341086149216,6.35505512036616e-06,2.9099972248077393
571,19.041102040816327,0.039287760853767395,1.871697895694524e-05,3.6674201488494873
572,19.074448979591835,0.10379192978143692,1.14977501652902e-05,93.27925872802734
573,19.107795918367348,0.09097965061664581,0.0004098534118384123,76.10749053955078
574,19.141142857142857,0.05645710229873657,0.0005295262672007084,28.0500431060791
575,19.174489795918365,0.08601237088441849,0.0005944272270426154,61.43712615966797
576,19.207836734693878,0.08353933691978455,0.0032129893079400063,20.211896896362305
577,19.241183673469386,0.057240843772888184,0.0027621155604720116,4.176760673522949
578,19.2745306122449,0.09979173541069031,0.0025100340135395527,27.565170288085938
579,19.307877551020407,0.07984069734811783,0.0030671702697873116,39.23490524291992
580,19.341224489795916,0.062826007604599,0.002013295888900757,3.6384246349334717
581,19.37457142857143,0.051968589425086975,0.0018542826874181628,16.428956985473633
582,19.407918367346937,0.023204179480671883,0.00038974842755123973,2.5140998363494873
583,19.44126530612245,0.024766651913523674,0.00023004910326562822,2.026777505874634
584,19.47461224489796,0.02255626954138279,0.00020097536616958678,1.4590437412261963
585,19.507959183673467,0.028490275144577026,0.00039652816485613585,3.4261155128479004
586,19.54130612244898,0.03311966732144356,0.00010245957673760131,3.615546941757202
587,19.57465306122449,0.07362326979637146,1.0043742804555222e-05,22.59366798400879
588,19.608,0.10575597733259201,9.578419849276543e-06,84.5477523803711
589,19.64134693877551,0.05991985276341438,1.858582254499197e-05,36.026100158691406
590,19.67469387755102,0.14051023125648499,0.007833566516637802,44.926361083984375
591,19.70804081632653,0.03494548425078392,2.090694806611282e-06,57.25850296020508
592,19.74138775510204,0.1781112551689148,4.9875474360305816e-05,120.54077911376953
593,19.77473469387755,0.08094112575054169,0.0013149348087608814,48.15714645385742
594,19.80808163265306,0.03998381271958351,0.0008189394138753414,2.83872127532959
595,19.841428571428573,0.06643404811620712,0.0009732049657031894,14.460226058959961
596,19.87477551020408,0.07453005760908127,0.0015958049334585667,59.06968688964844
597,19.90812244897959,0.04742054641246796,0.003909969702363014,2.1474924087524414
598,19.941469387755102,0.03477630391716957,0.0008063818095251918,1.3615061044692993
599,19.97481632653061,0.07465507090091705,0.0016240142285823822,3.6020865440368652
600,20.008163265306123,0.11283352971076965,0.003471547272056341,4.54071044921875
601,20.041510204081632,0.08886143565177917,0.002841424196958542,4.621120452880859
602,20.07485714285714,0.03708808869123459,0.0009392539504915476,1.7596335411071777
603,20.108204081632653,0.06854946166276932,0.0017413764726370573,2.626491069793701
604,20.141551020408162,0.049830660223960876,0.0009722826071083546,2.8913767337799072
605,20.174897959183674,0.07282400876283646,0.0027987572830170393,3.1876418590545654
606,20.208244897959183,0.03949379548430443,0.0004553038452286273,2.063688039779663
607,20.241591836734692,0.0319204181432724,0.00020001333905383945,1.1883454322814941
608,20.274938775510204,0.05567271262407303,0.001148340292274952,2.3768866062164307
609,20.308285714285713,0.039367206394672394,0.00021358732192311436,2.394911289215088
610,20.341632653061225,0.05105724185705185,0.00012849453196395189,2.734095811843872
611,20.374979591836734,0.028466960415244102,0.00012122928455937654,3.0417494773864746
612,20.408326530612243,0.057814821600914,0.0002970636123791337,4.321269989013672
613,20.441673469387755,0.05321216210722923,0.0006139205070212483,4.156866550445557
614,20.475020408163264,0.040657903999090195,0.0001986462448257953,2.2084004878997803
615,20.508367346938776,0.04467141255736351,0.00013572003808803856,2.404240369796753
616,20.541714285714285,0.0762220025062561,0.0005237424047663808,1.1900075674057007
617,20.575061224489794,0.09380979090929031,0.0007076169713400304,2.2236196994781494
618,20.608408163265306,0.11328569799661636,0.0016218918608501554,1.8373746871948242
619,20.641755102040815,0.08363121747970581,0.0003380972193554044,1.4169154167175293
620,20.675102040816327,0.16199690103530884,0.010593642480671406,5.719870090484619
621,20.708448979591836,0.22065111994743347,0.0017853544559329748,2.4825215339660645
622,20.741795918367348,0.23198366165161133,0.005306758917868137,38.18020248413086
623,20.775142857142857,0.23970937728881836,0.002944690641015768,4.012857437133789
624,20.808489795918366,0.3276018798351288,0.0008734769653528929,2.608613967895508
625,20.841836734693878,0.3242926597595215,0.0017836934421211481,3.5159831047058105
626,20.875183673469387,0.2685343027114868,0.001904715783894062,2.689265489578247
627,20.9085306122449,0.27293524146080017,0.004301457200199366,2.7757174968719482
628,20.941877551020408,0.20132844150066376,0.004217513836920261,4.1149702072143555
629,20.975224489795917,0.1269804835319519,0.0021338684018701315,2.4651386737823486
630,21.00857142857143,0.1680074781179428,0.00028058612952008843,2.005455493927002
631,21.041918367346938,0.165472149848938,0.0009256377234123647,2.371279716491699
632,21.07526530612245,0.22508838772773743,0.0025105085223913193,3.00128173828125
633,21.10861224489796,0.3858081102371216,0.006880869157612324,5.039632320404053
634,21.141959183673467,0.5020713806152344,0.003299413714557886,56.62474822998047
635,21.17530612244898,0.3959159851074219,0.004574134014546871,5.323845386505127
636,21.20865306122449,0.42627155780792236,0.0026179272681474686,6.54332160949707
637,21.242,0.4588606655597687,0.0014135334640741348,6.8095293045043945
638,21.27534693877551,0.4690399169921875,0.002772214589640498,6.741613864898682
639,21.30869387755102,0.47416168451309204,0.0027210735715925694,6.154378890991211
640,21.34204081632653,0.4331444501876831,0.0006656345212832093,5.541059970855713
641,21.37538775510204,0.5117849111557007,0.007151856552809477,6.911314010620117
642,21.408734693877552,0.3869829773902893,0.0010217273375019431,5.312557697296143
643,21.44208163265306,0.4029790759086609,0.004192866384983063,5.877002716064453
644,21.47542857142857,0.47359827160835266,0.0024877749383449554,5.767956256866455
645,21.50877551020408,0.4318729043006897,0.0016875950386747718,6.458331108093262
646,21.54212244897959,0.4629324674606323,0.004129477310925722,6.923210144042969
647,21.575469387755103,0.4992678463459015,0.0038150569889694452,36.70981979370117
648,21.60881632653061,0.47626176476478577,0.006107107736170292,7.097151279449463
649,21.64216326530612,0.4814384877681732,0.008873900398612022,7.052487373352051
650,21.675510204081633,0.4639340043067932,0.003412716556340456,15.923378944396973
651,21.70885714285714,0.3898946940898895,0.0027671698480844498,5.751370906829834
652,21.742204081632654,0.3723795711994171,0.0025883009657263756,4.993824005126953
653,21.775551020408162,0.3829575479030609,0.00177809689193964,3.95082688331604
654,21.808897959183675,0.3318217396736145,0.0008607415948063135,3.484375476837158
655,21.842244897959183,0.3996402323246002,0.003627575933933258,4.891786098480225
656,21.875591836734692,0.3911900520324707,0.0023621306754648685,4.365377426147461
657,21.908938775510205,0.38978180289268494,0.005252500995993614,4.240761756896973
658,21.942285714285713,0.4044699966907501,0.005153118632733822,4.5195631980896
659,21.975632653061226,0.42227670550346375,0.0037632063031196594,4.485908508300781
660,22.008979591836734,0.44813501834869385,0.0065734717063605785,5.03618049621582
661,22.042326530612243,0.4369302988052368,0.007546612061560154,4.155612945556641
662,22.075673469387755,0.4095415771007538,0.004608373157680035,4.707217216491699
663,22.109020408163264,0.406229168176651,0.0028590173460543156,4.913710117340088
664,22.142367346938777,0.41961443424224854,0.003393742721527815,4.64779806137085
665,22.175714285714285,0.504285454750061,0.005876639857888222,4.752324104309082
666,22.209061224489794,0.5511535406112671,0.004934231750667095,10.87546157836914
667,22.242408163265306,0.5566466450691223,0.00384158780798316,5.974043369293213
668,22.275755102040815,0.6185353398323059,0.0038824365474283695,9.46947956085205
669,22.309102040816327,0.6252359747886658,0.005235264077782631,57.85641860961914
670,22.342448979591836,0.5527881979942322,0.004499431699514389,6.172427654266357
671,22.375795918367345,0.5560144782066345,0.0034908712841570377,5.6054558753967285
672,22.409142857142857,0.5566590428352356,0.0040380991995334625,5.492539882659912
673,22.442489795918366,0.5919762849807739,0.004789835773408413,26.651315689086914
674,22.47583673469388,0.44320523738861084,0.0031197655480355024,4.507792949676514
675,22.509183673469387,0.4341689348220825,0.006120109930634499,3.3081459999084473
676,22.542530612244896,0.480377733707428,0.004103372804820538,3.546870470046997
677,22.575877551020408,0.4931419789791107,0.008557169698178768,7.856654167175293
678,22.609224489795917,0.4846596121788025,0.006465616635978222,6.3809967041015625
679,22.64257142857143,0.5669535398483276,0.009909172542393208,15.841312408447266
680,22.675918367346938,0.5296604037284851,0.003091864287853241,26.503684997558594
681,22.709265306122447,0.5058401226997375,0.006281845271587372,3.858395576477051
682,22.74261224489796,0.569926381111145,0.0035847965627908707,4.036265850067139
683,22.775959183673468,0.5516068339347839,0.004230458289384842,4.083436012268066
684,22.80930612244898,0.5519519448280334,0.008907584473490715,3.961515188217163
685,22.84265306122449,0.5046611428260803,0.004443678073585033,3.613359212875366
686,22.876,0.5190864205360413,0.004240273032337427,3.49109148979187
687,22.90934693877551,0.44682803750038147,0.008249519392848015,3.219006061553955
688,22.94269387755102,0.5268317461013794,0.006928385701030493,3.9439237117767334
689,22.97604081632653,0.5674728155136108,0.006449350621551275,12.328646659851074
690,23.00938775510204,0.5291618704795837,0.005287257954478264,4.550478458404541
691,23.042734693877552,0.5110856294631958,0.003660811809822917,25.612077713012695
692,23.07608163265306,0.5206623673439026,0.0035706735216081142,3.902193307876587
693,23.10942857142857,0.5911920070648193,0.006832841783761978,3.808898448944092
694,23.142775510204082,0.5630913376808167,0.004980625584721565,3.8495266437530518
695,23.17612244897959,0.5689636468887329,0.0041296472772955894,6.375929832458496
696,23.209469387755103,0.6851394176483154,0.007569999434053898,4.6339006423950195
697,23.242816326530612,0.6741389632225037,0.006019106600433588,4.641678810119629
698,23.27616326530612,0.6498565673828125,0.004618101753294468,4.709234714508057
699,23.309510204081633,0.6851065158843994,0.006081924308091402,4.679113864898682
700,23.34285714285714,0.7082129716873169,0.00792443286627531,4.721662521362305
701,23.376204081632654,0.6658442616462708,0.006860081106424332,20.030656814575195
702,23.409551020408163,0.5969923138618469,0.0042255837470293045,4.194762229919434
703,23.44289795918367,0.6757331490516663,0.007331131957471371,4.422016143798828
704,23.476244897959184,0.667326807975769,0.007075258530676365,4.452024459838867
705,23.509591836734693,0.6152317523956299,0.005397696979343891,4.186479568481445
706,23.542938775510205,0.6620693206787109,0.007814699783921242,4.5426859855651855
707,23.576285714285714,0.6935984492301941,0.0035374253056943417,4.742315769195557
708,23.609632653061222,0.7565110325813293,0.0067191217094659805,18.36310577392578
709,23.642979591836735,0.7068772912025452,0.0009879062417894602,5.690262794494629
710,23.676326530612243,0.8429961800575256,0.0019766383338719606,45.90266418457031
711,23.709673469387756,0.9150315523147583,0.0030397321097552776,53.53152084350586
712,23.743020408163265,0.8781325817108154,0.002372101880609989,6.195771217346191
713,23.776367346938773,0.8776382207870483,0.002183542586863041,6.3408660888671875
714,23.809714285714286,0.9112709760665894,0.001022258773446083,10.873590469360352
715,23.843061224489794,0.8745084404945374,0.001527596265077591,44.61699295043945
716,23.876408163265307,0.8719418048858643,0.0012637963518500328,51.82835006713867
717,23.909755102040815,0.8800889253616333,0.0020986797753721476,53.51860046386719
718,23.943102040816324,0.7411830425262451,0.001847205450758338,61.88908386230469
719,23.976448979591837,0.6838410496711731,0.0014169835485517979,60.87469482421875
720,24.009795918367345,0.6671664714813232,0.00209194072522223,47.20955276489258
721,24.043142857142858,0.46091428399086,0.0014796883333474398,55.49510955810547
722,24.076489795918366,0.3666589558124542,0.0014007831923663616,55.49640655517578
723,24.10983673469388,0.306666761636734,0.0011776105966418982,51.91159439086914
724,24.143183673469387,0.16857069730758667,0.001485555781982839,52.57957077026367
725,24.176530612244896,0.06393325328826904,0.0003635203174781054,59.806190490722656
726,24.20987755102041,0.07026772201061249,0.00030315626645460725,59.79661560058594
727,24.243224489795917,0.1695525199174881,0.0006931436946615577,68.78024291992188
728,24.27657142857143,0.041689980775117874,0.00014224331243894994,37.44346237182617
729,24.30991836734694,0.04232632368803024,0.00039216107688844204,3.257814645767212
730,24.343265306122447,0.07583311200141907,0.0003036320849787444,43.93553161621094
731,24.37661224489796,0.011675555258989334,6.49838475510478e-05,1.4443877935409546
732,24.409959183673468,0.029869714751839638,0.00021946450578980148,2.347149133682251
733,24.44330612244898,0.02981969341635704,0.00047455288586206734,3.897739887237549
734,24.47665306122449,0.010647553950548172,4.161089600529522e-05,1.9451977014541626
735,24.509999999999998,0.04272168129682541,0.0002573912206571549,5.746893882751465
736,24.54334693877551,0.029055198654532433,0.00025375967379659414,2.2736639976501465
737,24.57669387755102,0.053826022893190384,0.00011507407907629386,45.29218292236328
738,24.61004081632653,0.09633894264698029,0.0031074420548975468,4.224370956420898
739,24.64338775510204,0.05152244493365288,0.00023499959206674248,33.6505126953125
740,24.67673469387755,0.03979610279202461,6.567786476807669e-05,2.321021795272827
741,24.71008163265306,0.02583765983581543,0.00017267906514462084,2.6540474891662598
742,24.74342857142857,0.03853350505232811,4.48698119726032e-05,4.779188632965088
743,24.776775510204082,0.01820570044219494,2.794653846649453e-05,4.2102274894714355
744,24.81012244897959,0.021984126418828964,1.1076697774115019e-05,29.691362380981445
745,24.8434693877551,0.03359384834766388,5.922320997342467e-05,7.385881423950195
746,24.876816326530612,0.0460452176630497,0.00015584600623697042,5.164906024932861
747,24.91016326530612,0.02707517519593239,5.6983808462973684e-05,2.4090282917022705
748,24.943510204081633,0.057564299553632736,0.0005517010577023029,2.8410604000091553
749,24.976857142857142,0.019935134798288345,0.0002207074430771172,2.9644694328308105
750,25.01020408163265,0.01875205710530281,1.910822538775392e-05,4.169738292694092
751,25.043551020408163,0.0536910742521286,9.573245188221335e-05,3.365955114364624
752,25.076897959183672,0.02980618365108967,1.1856282071676105e-05,2.7162914276123047
753,25.110244897959184,0.07918459922075272,7.490596908610314e-05,55.80852127075195
754,25.143591836734693,0.045045241713523865,5.40577730134828e-06,3.588481903076172
755,25.176938775510205,0.04038919880986214,2.8721608487103367e-06,6.205924034118652
756,25.210285714285714,0.010241799987852573,3.3541139146109344e-06,2.2908074855804443
757,25.243632653061223,0.00870702974498272,3.7737117963843048e-06,1.3815276622772217
758,25.276979591836735,0.01589541882276535,9.754228358360706e-07,3.271253824234009
759,25.310326530612244,0.013305538333952427,1.6109034959299606e-06,2.165417194366455
760,25.343673469387756,0.011487183161079884,1.8231580725114327e-06,2.0193686485290527
761,25.377020408163265,0.016623936593532562,1.5439416074514156e-06,2.3172900676727295
762,25.410367346938774,0.021111667156219482,2.0019692783534992e-06,2.1837120056152344
763,25.443714285714286,0.0642036497592926,6.165639206301421e-06,5.455513954162598
764,25.477061224489795,0.01535196416079998,2.6245127173751825e-06,2.9764983654022217
765,25.510408163265307,0.05392603948712349,9.42250553634949e-05,3.948103904724121
766,25.543755102040816,0.012022001668810844,2.179810962843476e-06,5.170746326446533
767,25.577102040816325,0.1000441461801529,0.0032783218193799257,5.04644775390625
768,25.610448979591837,0.03868713602423668,0.0002549290657043457,4.410425186157227
769,25.643795918367346,0.017104044556617737,1.5950983652146533e-05,2.751661539077759
770,25.677142857142858,0.049787577241659164,9.390008926857263e-06,4.364234447479248
771,25.710489795918367,0.010968749411404133,3.942758667108137e-06,2.089931011199951
772,25.743836734693875,0.05245302990078926,1.968385731743183e-05,4.853277683258057
773,25.777183673469388,0.05891788750886917,0.0005827991990372539,4.120737552642822
774,25.810530612244897,0.07179339230060577,0.0004149004817008972,53.72093963623047
775,25.84387755102041,0.04589750990271568,5.490142939379439e-05,53.584388732910156
776,25.877224489795918,0.041067495942115784,2.7495247195474803e-05,53.37840270996094
777,25.910571428571426,0.0411619171500206,1.1783027730416507e-05,56.39680099487305
778,25.94391836734694,0.040789149701595306,2.2900781004864257e-06,55.67594909667969
779,25.977265306122447,0.04878835007548332,4.108601569896564e-05,2.392340660095215
780,26.01061224489796,0.028412699699401855,6.773200766474474e-06,41.13187789916992
781,26.04395918367347,0.03129434585571289,9.682769814389758e-06,41.13195037841797
782,26.077306122448977,0.01857699267566204,5.718141437682789e-06,2.4419572353363037
783,26.11065306122449,0.03622002899646759,1.7898382793646306e-05,38.36663818359375
784,26.144,0.021888596937060356,2.98824452329427e-05,2.1659011840820312
785,26.17734693877551,0.036964792758226395,2.541106368880719e-05,3.8875443935394287
786,26.21069387755102,0.032870855182409286,2.9377874852798413e-06,2.5034291744232178
787,26.24404081632653,0.01807273179292679,3.7057634472148493e-06,2.12321138381958
788,26.27738775510204,0.038187429308891296,2.550179124227725e-05,3.6667873859405518
789,26.31073469387755,0.012284445576369762,4.277159860066604e-06,1.6640894412994385
790,26.34408163265306,0.012874241918325424,3.10149744109367e-06,1.4226839542388916
791,26.37742857142857,0.003764853812754154,8.167889973265119e-07,1.142301321029663
792,26.410775510204083,0.006462039425969124,1.3287609590406646e-06,1.324712872505188
793,26.44412244897959,0.0032895696349442005,1.4324203903015587e-06,0.7110558152198792
794,26.4774693877551,0.0353550910949707,2.0071024664503057e-06,2.721661329269409
795,26.510816326530612,0.05462674796581268,4.405858817335684e-06,35.23482894897461
796,26.54416326530612,0.06164656579494476,6.966295586607885e-06,41.23680877685547
797,26.577510204081634,0.0848691314458847,0.003024883335456252,3.445929527282715
798,26.610857142857142,0.007376892026513815,3.807891334872693e-05,1.2923721075057983
799,26.64420408163265,0.00397829944267869,8.077764732661308e-07,1.3191392421722412
800,26.677551020408163,0.008765275590121746,3.9825740714150015e-06,1.3176647424697876
801,26.710897959183672,0.009491796605288982,2.166376361856237e-06,1.5985321998596191
802,26.744244897959184,0.02564012072980404,4.105866537429392e-06,1.379963755607605
803,26.777591836734693,0.02010580152273178,1.3242070053820498e-05,1.6040185689926147
804,26.810938775510202,0.02700692042708397,9.264941763831303e-05,2.3420705795288086
805,26.844285714285714,0.014089018106460571,2.356134427827783e-05,1.8827303647994995
806,26.877632653061223,0.021487316116690636,7.310266482818406e-06,2.2443788051605225
807,26.910979591836735,0.013591649942100048,5.38923859494389e-06,2.0163521766662598
808,26.944326530612244,0.05169670656323433,8.545786840841174e-05,2.5166196823120117
809,26.977673469387753,0.04786534979939461,0.001804980682209134,1.983378529548645
810,27.011020408163265,0.04462665691971779,0.000377049291273579,2.9318296909332275
811,27.044367346938774,0.03734774515032768,0.00015736256318632513,2.199136734008789
812,27.077714285714286,0.017240699380636215,4.237765824655071e-05,2.171572685241699
813,27.111061224489795,0.014766979962587357,7.420578913297504e-05,1.0525823831558228
814,27.144408163265304,0.009041528217494488,5.58945339435013e-06,0.9373053908348083
815,27.177755102040816,0.01027209684252739,5.768700248154346e-06,2.313607692718506
816,27.211102040816325,0.010491210967302322,1.410722325090319e-05,2.251168966293335
817,27.244448979591837,0.03354330360889435,0.00010030835255747661,2.1542367935180664
818,27.277795918367346,0.02047407254576683,4.890178388450295e-05,1.421877145767212
819,27.311142857142855,0.01567370444536209,2.8268899768590927e-05,2.97286319732666
820,27.344489795918367,0.037397339940071106,3.438116982579231e-05,2.9827780723571777
821,27.377836734693876,0.023989833891391754,0.0009601262863725424,2.1216533184051514
822,27.411183673469388,0.033187467604875565,0.0015309888403862715,1.523356318473816
823,27.444530612244897,0.016039298847317696,1.5716764210083056e-06,1.6710821390151978
824,27.47787755102041,0.015385346487164497,7.984761032275856e-05,1.2765449285507202
825,27.511224489795918,0.021970883011817932,9.065548510989174e-06,1.7427376508712769
826,27.544571428571427,0.06987970322370529,0.003625168465077877,2.419198989868164
827,27.57791836734694,0.019845537841320038,2.2078088477428537e-06,3.0375545024871826
828,27.611265306122448,0.026918118819594383,1.1496611023176229e-06,2.8483920097351074
829,27.64461224489796,0.013473873026669025,2.6373209038865753e-06,1.7402657270431519
830,27.67795918367347,0.012899007648229599,1.3159205991541967e-06,2.0720934867858887
831,27.711306122448978,0.052772220224142075,1.0038245818577707e-05,4.122367858886719
832,27.74465306122449,0.02008664235472679,2.7114487238577567e-05,3.2082250118255615
833,27.778,0.04666883870959282,0.0002772479201667011,4.5499043464660645
834,27.81134693877551,0.03267760947346687,0.0005898486124351621,2.2698347568511963
835,27.84469387755102,0.02193964459002018,0.0007197910454124212,1.7761564254760742
836,27.87804081632653,0.01409075502306223,0.00015636513126082718,1.618099331855774
837,27.91138775510204,0.028043746948242188,0.0002851717290468514,2.807490348815918
838,27.94473469387755,0.06842692941427231,0.0011177866254001856,10.604915618896484
839,27.978081632653062,0.023595981299877167,0.00026137143140658736,1.5660265684127808
840,28.01142857142857,0.030498133972287178,0.00027784809935837984,2.867058038711548
841,28.04477551020408,0.01724761351943016,0.00023981890990398824,1.4828327894210815
842,28.07812244897959,0.010120724327862263,7.501228537876159e-05,0.8942094445228577
843,28.1114693877551,0.012580487877130508,3.478764119790867e-05,6.385537147521973
844,28.144816326530613,0.02346346527338028,5.034181594965048e-05,12.437070846557617
845,28.17816326530612,0.05266890674829483,0.00020395040337461978,49.49392318725586
846,28.21151020408163,0.056011054664850235,1.1642559911706485e-05,63.92989730834961
847,28.244857142857143,0.08154387027025223,7.508764247177169e-05,62.953697204589844
848,28.27820408163265,0.04994363337755203,8.748187246965244e-05,47.350406646728516
849,28.311551020408164,0.046110399067401886,6.90287197357975e-05,47.79842758178711
850,28.344897959183672,0.043883394449949265,7.701332833676133e-06,46.2406120300293
851,28.37824489795918,0.05102664604783058,1.2757118383888155e-05,46.577518463134766
852,28.411591836734694,0.016393402591347694,1.3484253031492699e-05,1.6824798583984375
853,28.444938775510202,0.04975036904215813,9.951369429472834e-05,1.7622923851013184
854,28.478285714285715,0.028646674007177353,1.5025487300590612e-05,1.5736541748046875
855,28.511632653061223,0.020171716809272766,5.049764695286285e-06,1.6620888710021973
856,28.544979591836736,0.07441936433315277,0.0038645565509796143,20.72437286376953
857,28.578326530612244,0.01931709051132202,0.00030943844467401505,1.6829838752746582
858,28.611673469387753,0.019157644361257553,3.97688927478157e-05,1.210410237312317
859,28.645020408163266,0.014787551015615463,3.548734821379185e-05,0.9051553606987
860,28.678367346938774,0.013960476964712143,1.4137411199044436e-05,1.4461067914962769
861,28.711714285714287,0.147729754447937,0.0009553342824801803,85.89153289794922
862,28.745061224489795,0.18891409039497375,0.0005342528456822038,94.1357192993164
863,28.778408163265304,0.08299987763166428,0.002037980128079653,2.3764970302581787
864,28.811755102040816,0.10794556140899658,0.0030218730680644512,3.0366740226745605
865,28.845102040816325,0.0608363151550293,0.0007796273566782475,2.959287643432617
866,28.878448979591838,0.06495862454175949,0.0007378894370049238,1.3613530397415161
867,28.911795918367346,0.08842703700065613,0.0005320436903275549,1.4033178091049194
868,28.945142857142855,0.10349151492118835,0.0005327850813046098,1.6288706064224243
869,28.978489795918367,0.1317625492811203,0.00143257190939039,4.086984634399414
870,29.011836734693876,0.5350034236907959,0.001246720552444458,40.060115814208984
871,29.04518367346939,0.5274930596351624,0.0005988281336612999,43.49851608276367
872,29.078530612244897,0.3728214502334595,0.0014979994157329202,48.268978118896484
873,29.111877551020406,0.3727096617221832,0.002693628426641226,3.4367995262145996
874,29.14522448979592,0.5214414596557617,0.006743155419826508,3.213129997253418
875,29.178571428571427,0.5862545371055603,0.0015919692814350128,3.4366400241851807
876,29.21191836734694,0.5427334308624268,0.0008116309763863683,3.3321001529693604
877,29.245265306122448,0.6245905756950378,0.002384185791015625,3.838745594024658
878,29.278612244897957,0.6447738409042358,0.0006336651276797056,4.000154495239258
879,29.31195918367347,0.621878981590271,0.0015982757322490215,3.6941840648651123
880,29.345306122448978,0.6535642743110657,0.004264261573553085,3.766113042831421
881,29.37865306122449,0.6653883457183838,0.003992175217717886,4.5500807762146
882,29.412,0.6731659770011902,0.006336270831525326,4.172825813293457
883,29.445346938775508,0.650875985622406,0.001148177427239716,3.8313872814178467
884,29.47869387755102,0.6769263744354248,0.001549112144857645,3.9857113361358643
885,29.51204081632653,0.7175368070602417,0.007802610285580158,4.055850505828857
886,29.54538775510204,0.6540862321853638,0.006681743077933788,4.2714457511901855
887,29.57873469387755,0.6300201416015625,0.0014577654656022787,3.7685439586639404
888,29.612081632653062,0.652689516544342,0.0021986826322972775,4.2802228927612305
889,29.64542857142857,0.6482934951782227,0.002461495343595743,3.9440338611602783
890,29.67877551020408,0.6426544189453125,0.006038025952875614,4.2752838134765625
891,29.712122448979592,0.6443823575973511,0.00533489091321826,3.8355231285095215
892,29.7454693877551,0.663300096988678,0.003781900741159916,3.934751510620117
893,29.778816326530613,0.6847413182258606,0.007443564012646675,4.086853504180908
894,29.812163265306122,0.6634042263031006,0.0023233983665704727,4.070692539215088
895,29.84551020408163,0.6514594554901123,0.004171840846538544,3.8422200679779053
896,29.878857142857143,0.6141436100006104,0.004561020061373711,3.8353829383850098
897,29.91220408163265,0.676639199256897,0.004278318956494331,4.012688636779785
898,29.945551020408164,0.6566724181175232,0.004708994645625353,4.767594337463379
899,29.978897959183673,0.7964847683906555,0.00627655815333128,5.196849822998047
900,30.01224489795918,0.7450327277183533,0.005544050596654415,5.933848857879639
901,30.045591836734694,0.81348717212677,0.008732064627110958,5.489557266235352
902,30.078938775510203,0.8968368172645569,0.007728077471256256,5.251986026763916
903,30.112285714285715,0.9039092659950256,0.004536421038210392,5.591659069061279
904,30.145632653061224,0.9504947662353516,0.006679830141365528,5.466240406036377
905,30.178979591836733,0.8888009190559387,0.009384172037243843,5.260430335998535
906,30.212326530612245,0.8938233256340027,0.011107845231890678,5.314306735992432
907,30.245673469387754,0.8462477326393127,0.005895581096410751,5.124154567718506
908,30.279020408163266,0.8683306574821472,0.009663513861596584,5.167705059051514
909,30.312367346938775,0.8531267046928406,0.010801841504871845,5.203948974609375
910,30.345714285714283,0.8459055423736572,0.007543588988482952,5.14249849319458
911,30.379061224489796,0.8335248231887817,0.0112755773589015,4.981171131134033
912,30.412408163265304,0.7554836869239807,0.006720969453454018,4.843021869659424
913,30.445755102040817,0.8445222973823547,0.012589260935783386,44.07027053833008
914,30.479102040816326,0.8346496820449829,0.014742666855454445,30.337968826293945
915,30.512448979591834,0.8021731376647949,0.012320643290877342,5.072509288787842
916,30.545795918367347,0.8690467476844788,0.006950590759515762,53.00595474243164
917,30.579142857142855,0.9150940775871277,0.009446624666452408,19.343175888061523
918,30.612489795918368,0.9460301995277405,0.005977794993668795,19.17200469970703
919,30.645836734693876,0.9910055994987488,0.00958840362727642,25.389501571655273
920,30.679183673469385,0.9757512211799622,0.011717172339558601,12.152643203735352
921,30.712530612244898,1.014022707939148,0.00978742353618145,34.187591552734375
922,30.745877551020406,1.0085326433181763,0.007902265526354313,8.073714256286621
923,30.77922448979592,0.9881523847579956,0.009722532704472542,8.985486030578613
924,30.812571428571427,0.9526305794715881,0.00981820560991764,11.633810043334961
925,30.84591836734694,0.9097076058387756,0.01237962581217289,10.74305248260498
926,30.87926530612245,0.8610572814941406,0.008267822675406933,19.954744338989258
927,30.912612244897957,0.9105881452560425,0.011357961222529411,55.31120300292969
928,30.94595918367347,0.7207919955253601,0.011486874893307686,6.78110408782959
929,30.97930612244898,0.753284752368927,0.011758198961615562,46.18803405761719
930,31.01265306122449,0.6789135336875916,0.009693925268948078,36.744728088378906
931,31.046,0.6462922692298889,0.011841079220175743,11.023482322692871
932,31.079346938775508,0.801872193813324,0.016100136563181877,63.76496505737305
933,31.11269387755102,0.7979908585548401,0.01711779274046421,60.087528228759766
934,31.14604081632653,0.6966322660446167,0.011559594422578812,23.94961166381836
935,31.17938775510204,0.7267858982086182,0.011123104952275753,4.292168140411377
936,31.21273469387755,0.7657450437545776,0.01174822449684143,5.037913799285889
937,31.24608163265306,0.7844196557998657,0.012172835879027843,5.030317306518555
938,31.27942857142857,0.8824489116668701,0.006999487988650799,31.177814483642578
939,31.31277551020408,0.9241101145744324,0.008696923963725567,47.468955993652344
940,31.346122448979592,0.9516401290893555,0.010549230501055717,6.300948143005371
941,31.3794693877551,0.8562066555023193,0.011519791558384895,5.604323863983154
942,31.41281632653061,0.907704770565033,0.009163472801446915,5.643629550933838
943,31.446163265306122,0.9254305362701416,0.011461541056632996,5.808670997619629
944,31.47951020408163,0.91364985704422,0.008525777608156204,7.611834526062012
945,31.512857142857143,0.8858664035797119,0.014832373708486557,20.98936653137207
946,31.546204081632652,0.8812036514282227,0.005228622816503048,5.611911773681641
947,31.57955102040816,0.8635736107826233,0.0061694360338151455,5.441892147064209
948,31.612897959183673,0.7789933085441589,0.0037864241749048233,5.69626522064209
949,31.646244897959182,0.8982678651809692,0.01414757501333952,31.92863655090332
950,31.679591836734694,0.8230878710746765,0.006170568987727165,13.114782333374023
951,31.712938775510203,0.8417128324508667,0.006662892177700996,12.062262535095215
952,31.746285714285712,0.8009557723999023,0.0067526958882808685,11.390951156616211
953,31.779632653061224,0.8558893203735352,0.009964067488908768,14.337942123413086
954,31.812979591836733,0.8833599090576172,0.007536700461059809,6.6613006591796875
955,31.846326530612245,0.8199928402900696,0.005230581387877464,11.201406478881836
956,31.879673469387754,0.8160250186920166,0.008900068700313568,10.470909118652344
957,31.913020408163266,0.8596397042274475,0.00972029846161604,7.235231399536133
958,31.946367346938775,0.8601770401000977,0.004298127256333828,6.0364861488342285
959,31.979714285714284,0.8438196182250977,0.008926610462367535,5.310973167419434
960,32.013061224489796,0.705068051815033,0.008071722462773323,4.4926910400390625
961,32.046408163265305,0.6151617765426636,0.006650679279118776,4.441189289093018
962,32.079755102040814,0.2994345724582672,0.007125431671738625,5.201464653015137
963,32.11310204081632,0.10769221186637878,0.005274348892271519,5.5047407150268555
964,32.14644897959184,0.047169532626867294,0.001816736301407218,3.928306818008423
965,32.17979591836735,0.09908515959978104,0.004540378227829933,2.983910083770752
966,32.213142857142856,0.06947202980518341,0.001985941082239151,2.663499593734741
967,32.246489795918365,0.04872966930270195,0.00121615594252944,4.455299377441406
968,32.27983673469387,0.07430881261825562,0.001767809852026403,4.143681049346924
969,32.31318367346939,0.04444880411028862,0.0024085529148578644,3.0653369426727295
970,32.3465306122449,0.03615685924887657,0.0009426153847016394,2.496253490447998
971,32.37987755102041,0.035648174583911896,0.0007000648765824735,2.7200796604156494
972,32.413224489795915,0.052870020270347595,0.0031211357563734055,4.659916400909424
973,32.44657142857143,0.07331129908561707,0.004980248864740133,2.7133231163024902
974,32.47991836734694,0.08777639269828796,0.010080461390316486,2.3788695335388184
975,32.51326530612245,0.02644093707203865,0.00047587326844222844,2.6008639335632324
976,32.54661224489796,0.05347342789173126,0.0008297865861095488,4.587217807769775
977,32.579959183673466,0.06352421641349792,0.0010723802261054516,3.0579302310943604
978,32.61330612244898,0.19533507525920868,0.002839051652699709,2.01094388961792
979,32.64665306122449,0.40609294176101685,0.004601415246725082,2.978766441345215
980,32.68,0.31612586975097656,0.0018464818131178617,2.189873218536377
981,32.71334693877551,0.2220991849899292,0.0013074611779302359,3.0834600925445557
982,32.74669387755102,0.0292954184114933,0.00014542687858920544,1.105291485786438
983,32.78004081632653,0.07365886121988297,0.0008544436423107982,3.594853162765503
984,32.81338775510204,0.053646545857191086,0.000648579909466207,1.6284329891204834
985,32.84673469387755,0.08279576152563095,0.0017247393261641264,3.674755811691284
986,32.88008163265306,0.030220167711377144,0.00016084295930340886,3.6048429012298584
987,32.91342857142857,0.012509931810200214,4.2359126382507384e-05,1.1277674436569214
988,32.946775510204084,0.043129220604896545,0.001997679006308317,3.0076072216033936
989,32.98012244897959,0.04613582044839859,0.0032112726476043463,2.639587879180908
990,33.0134693877551,0.04571710526943207,0.0029194792732596397,1.8014408349990845
991,33.04681632653061,0.07776269316673279,0.002597032580524683,4.463113307952881
992,33.08016326530612,0.038735151290893555,0.0028053163550794125,2.261967182159424
993,33.113510204081635,0.059918541461229324,4.191165862721391e-05,1.4649311304092407
994,33.146857142857144,0.032300446182489395,0.00018462276784703135,2.148043394088745
995,33.18020408163265,0.044490501284599304,0.0002074378717225045,1.1052743196487427
996,33.21355102040816,0.048485152423381805,0.0016585219418630004,2.1938652992248535
997,33.24689795918367,0.04806114733219147,0.0011692713014781475,2.2136337757110596
998,33.280244897959186,0.07853064686059952,3.1712704640085576e-06,1.4213072061538696
999,33.313591836734695,0.06486063450574875,5.872675683349371e-05,1.2739262580871582
1000,33.3469387755102,0.1088249683380127,0.0009994094725698233,2.6859793663024902
1001,33.38028571428571,0.16081838309764862,0.008501378819346428,2.274280309677124
1002,33.41363265306122,0.1051575094461441,0.0002688513486646116,1.8237375020980835
1003,33.44697959183674,0.09289472550153732,0.0006098778685554862,2.1568925380706787
1004,33.480326530612246,0.16402247548103333,0.011850899085402489,2.988403558731079
1005,33.513673469387754,0.10758688300848007,0.000745000084862113,1.9486525058746338
1006,33.54702040816326,0.11137726902961731,0.000173404929228127,1.9367198944091797
1007,33.58036734693877,0.15762726962566376,0.0004088352434337139,2.4279189109802246
1008,33.61371428571429,0.15735173225402832,0.000444546079961583,2.1596336364746094
1009,33.647061224489796,0.18416820466518402,0.0004415925941430032,4.951911926269531
1010,33.680408163265305,0.2091633826494217,0.0011067696614190936,3.0156373977661133
1011,33.713755102040814,0.21259935200214386,0.0005024791462346911,4.514078140258789
1012,33.74710204081632,0.20689290761947632,0.0005663427291437984,2.4488790035247803
1013,33.78044897959184,0.26200270652770996,0.001507358392700553,3.3727173805236816
1014,33.81379591836735,0.20698145031929016,0.000867522438056767,2.3556158542633057
1015,33.847142857142856,0.24231961369514465,0.002489972859621048,4.781063556671143
1016,33.880489795918365,0.20185820758342743,0.0010400241008028388,2.8857624530792236
1017,33.913836734693874,0.1948731690645218,0.00073030567727983,2.267045736312866
1018,33.94718367346939,0.1946534514427185,0.00044287729542702436,3.331202268600464
1019,33.9805306122449,0.24861600995063782,0.0032458011992275715,2.862363815307617
1020,34.01387755102041,0.20042553544044495,0.0007610272150486708,2.48602032661438
1021,34.047224489795916,0.18140631914138794,0.0014575814129784703,2.9345879554748535
1022,34.080571428571425,0.18885889649391174,0.0007683784351684153,3.5408883094787598
1023,34.11391836734694,0.18391543626785278,0.0008744810475036502,3.536742687225342
1024,34.14726530612245,0.18700946867465973,0.0013195413630455732,2.737882137298584
1025,34.18061224489796,0.21258479356765747,0.0023488877341151237,3.1313726902008057
1026,34.21395918367347,0.19027654826641083,0.0008701946353539824,3.298731803894043
1027,34.247306122448975,0.1941319704055786,0.0013395370915532112,2.481654405593872
1028,34.28065306122449,0.19269506633281708,0.0009180804481729865,3.993889093399048
1029,34.314,0.17387740314006805,0.0013454927830025554,3.611636161804199
1030,34.34734693877551,0.2401861846446991,0.0030807945877313614,3.920548439025879
1031,34.38069387755102,0.1938602179288864,0.0010726875625550747,4.59084415435791
1032,34.414040816326526,0.1904551237821579,0.0010684262961149216,4.600159645080566
1033,34.44738775510204,0.23965968191623688,0.008233673870563507,3.368468999862671
1034,34.48073469387755,0.1906600296497345,0.0010831707622855902,2.3324525356292725
1035,34.51408163265306,0.22511924803256989,0.0013592487666755915,4.163467884063721
1036,34.54742857142857,0.18617555499076843,0.0006530233658850193,2.648956060409546
1037,34.58077551020408,0.22265052795410156,0.0010874310974031687,4.04351806640625
1038,34.61412244897959,0.2482578158378601,0.002583695575594902,4.6504411697387695
1039,34.6474693877551,0.20770171284675598,0.0007822113111615181,3.864449977874756
1040,34.68081632653061,0.20941665768623352,0.0007508015260100365,2.8392271995544434
1041,34.71416326530612,0.23857201635837555,0.001427009585313499,4.654372215270996
1042,34.747510204081635,0.24110913276672363,0.0009429549099877477,5.6096720695495605
1043,34.780857142857144,0.22172968089580536,0.0006509983795695007,3.219452142715454
1044,34.81420408163265,0.239605113863945,0.0014365366660058498,5.525304317474365
1045,34.84755102040816,0.25008249282836914,0.001882217824459076,3.4722461700439453
1046,34.88089795918367,0.19524632394313812,0.0010653757490217686,3.8913140296936035
1047,34.914244897959186,0.20374512672424316,0.0012626335956156254,3.8012378215789795
1048,34.947591836734695,0.19493906199932098,0.0005737532628700137,2.8926889896392822
1049,34.980938775510204,0.1781589686870575,0.0007317217532545328,3.0992188453674316
1050,35.01428571428571,0.185879185795784,0.0004309125943109393,3.8450329303741455
1051,35.04763265306122,0.1891203224658966,0.0005135074025020003,3.4151699542999268
1052,35.08097959183674,0.19683115184307098,0.000981577206403017,3.954367160797119
1053,35.114326530612246,0.18294446170330048,0.0009562231134623289,4.002002716064453
1054,35.147673469387755,0.1710696965456009,0.0004442087665665895,3.579754590988159
1055,35.18102040816326,0.1796095371246338,0.0005615554982796311,56.745819091796875
1056,35.21436734693877,0.20874431729316711,0.0032023447565734386,7.2540998458862305
1057,35.24771428571429,0.15049009025096893,0.002074258401989937,3.0720057487487793
1058,35.2810612244898,0.15395350754261017,0.0010145497508347034,5.127660274505615
1059,35.314408163265306,0.10832193493843079,0.0004071581643074751,2.5779104232788086
1060,35.347755102040814,0.1411406397819519,0.001078012166544795,3.918550491333008
1061,35.38110204081632,0.15127165615558624,0.0018085235496982932,3.0878865718841553
1062,35.41444897959184,0.16340775787830353,0.0009406910976395011,5.254031658172607
1063,35.44779591836735,0.20100058615207672,0.007304462604224682,17.81604766845703
1064,35.481142857142856,0.12095686793327332,0.0006614172598347068,2.5115740299224854
1065,35.514489795918365,0.11469149589538574,0.00043431040830910206,2.441847085952759
1066,35.547836734693874,0.14167754352092743,0.0007414427236653864,3.09490966796875
1067,35.58118367346939,0.11975540220737457,0.0004108583671040833,2.919041872024536
1068,35.6145306122449,0.07815306633710861,0.0004919609636999667,2.6660401821136475
1069,35.64787755102041,0.06703507900238037,0.000439045368693769,2.1698622703552246
1070,35.681224489795916,0.13645538687705994,0.0015117756556719542,13.795446395874023
1071,35.714571428571425,0.03751228749752045,0.00032239191932603717,3.0861551761627197
1072,35.74791836734694,0.07770231366157532,0.00033277797047048807,4.917725563049316
1073,35.78126530612245,0.07089421153068542,0.0002935267402790487,2.8951942920684814
1074,35.81461224489796,0.12645156681537628,0.0005778888007625937,4.20097541809082
1075,35.84795918367347,0.10631179064512253,0.000792365288361907,2.425690174102783
1076,35.881306122448976,0.12132968008518219,0.0004405287327244878,4.281450271606445
1077,35.91465306122449,0.15448600053787231,0.002153775654733181,6.367966175079346
1078,35.948,0.1508636623620987,0.00042709935223683715,3.3866498470306396
1079,35.98134693877551,0.20751045644283295,0.0009544708300381899,11.540887832641602
1080,36.01469387755102,0.11428973078727722,0.00021734682377427816,2.2729671001434326
1081,36.04804081632653,0.09059523791074753,0.00030594595591537654,3.038041114807129
1082,36.08138775510204,0.06830325722694397,0.00016013522690627724,2.749476194381714
1083,36.11473469387755,0.060759417712688446,0.0002657619188539684,3.6065402030944824
1084,36.14808163265306,0.08293403685092926,0.0006339981337077916,58.76883316040039
1085,36.18142857142857,0.053121358156204224,0.0005918701062910259,3.3884048461914062
1086,36.21477551020408,0.04011895880103111,0.00010915006714640185,4.049769878387451
1087,36.24812244897959,0.02815963141620159,0.00011009247100446373,3.4181571006774902
1088,36.2814693877551,0.03991185873746872,5.943653013673611e-05,1.937737226486206
1089,36.31481632653061,0.09571758657693863,0.0005627813516184688,3.4796242713928223
1090,36.34816326530612,0.07530755549669266,0.0009767533047124743,2.9438090324401855
1091,36.38151020408163,0.07266899198293686,0.001280641881749034,3.0869743824005127
1092,36.414857142857144,0.1659831404685974,0.0073829637840390205,2.7649691104888916
1093,36.44820408163265,0.11414199322462082,0.000276680919341743,3.610379457473755
1094,36.48155102040816,0.13765400648117065,0.001488430891185999,4.087758541107178
1095,36.51489795918367,0.1423283815383911,0.00036285805981606245,2.875406503677368
1096,36.54824489795918,0.13971483707427979,0.0004760407318826765,3.154559850692749
1097,36.581591836734695,0.1682892143726349,0.0004773230757564306,2.955307722091675
1098,36.614938775510204,0.19557838141918182,0.0007995387422852218,3.531371831893921
1099,36.64828571428571,0.19305875897407532,0.0010662366403266788,3.8494179248809814
1100,36.68163265306122,0.1710134893655777,0.0004044989764224738,3.896841049194336
1101,36.71497959183673,0.1765608787536621,0.00019082293147221208,4.108292102813721
1102,36.748326530612246,0.15356865525245667,0.00024122436298057437,2.1752805709838867
1103,36.781673469387755,0.06462236493825912,9.181484347209334e-05,1.811010718345642
1104,36.815020408163264,0.05574888736009598,0.00012192934809718281,2.1466989517211914
1105,36.84836734693877,0.09501459449529648,3.5110315366182476e-05,2.0186243057250977
1106,36.88171428571429,0.2165985107421875,0.0007703026058152318,4.056142330169678
1107,36.9150612244898,0.35031259059906006,0.00030883977888152003,7.497689247131348
1108,36.948408163265306,0.17188337445259094,0.007966386154294014,4.148499965667725
1109,36.981755102040815,0.07667244225740433,0.0006402219296433032,4.0676984786987305
1110,37.01510204081632,0.15127331018447876,0.0010616290383040905,3.694149971008301
1111,37.04844897959184,0.2607656419277191,0.0025946511887013912,2.340366840362549
1112,37.08179591836735,0.3178057372570038,0.0030022463761270046,4.42087459564209
1113,37.11514285714286,0.29642021656036377,0.0028933146968483925,3.2801854610443115
1114,37.148489795918366,0.2977205514907837,0.0007574623450636864,3.4710259437561035
1115,37.181836734693874,0.2715490162372589,0.0014296306762844324,5.09682559967041
1116,37.21518367346939,0.27251577377319336,0.0028708537574857473,5.365514755249023
1117,37.2485306122449,0.2691652476787567,0.0010567246936261654,2.5924153327941895
1118,37.28187755102041,0.2874019742012024,0.0022190669551491737,2.8719849586486816
1119,37.315224489795916,0.3435904383659363,0.0030478141270577908,4.195058345794678
1120,37.348571428571425,0.3161109983921051,0.00142823182977736,2.6547627449035645
1121,37.38191836734694,0.3499106764793396,0.008367834612727165,4.256343364715576
1122,37.41526530612245,0.34632328152656555,0.00028218800434842706,3.266963005065918
1123,37.44861224489796,0.3579646050930023,0.0008966012392193079,3.342686414718628
1124,37.48195918367347,0.307571142911911,0.0013073054142296314,2.8440818786621094
1125,37.515306122448976,0.3333560526371002,0.0022087902761995792,2.8861076831817627
1126,37.54865306122449,0.33746474981307983,0.0017464570701122284,3.205528497695923
1127,37.582,0.35813963413238525,0.0015951005043461919,3.4481961727142334
1128,37.61534693877551,0.3665393590927124,0.0016704093432053924,3.5493059158325195
1129,37.64869387755102,0.41651788353919983,0.00304853986017406,5.087976455688477
1130,37.68204081632653,0.42831188440322876,0.0028740218840539455,3.691533327102661
1131,37.71538775510204,0.4176812171936035,0.0029621506109833717,4.178636074066162
1132,37.74873469387755,0.4348960518836975,0.0019820304587483406,3.7786319255828857
1133,37.78208163265306,0.4460301995277405,0.003309285268187523,3.832961082458496
1134,37.81542857142857,0.46001482009887695,0.0051016476936638355,4.026191711425781
1135,37.84877551020408,0.4890838861465454,0.004615418612957001,3.9363582134246826
1136,37.882122448979594,0.4849786162376404,0.004535785876214504,3.8432271480560303
1137,37.9154693877551,0.49886491894721985,0.005224596709012985,5.62857723236084
1138,37.94881632653061,0.6002488732337952,0.0073031289502978325,5.552785396575928
1139,37.98216326530612,0.5234866738319397,0.009474067017436028,5.616953372955322
1140,38.01551020408163,0.6200846433639526,0.006608843803405762,6.282407283782959
1141,38.048857142857145,0.6172952055931091,0.010002249851822853,6.662144660949707
1142,38.08220408163265,0.4971328377723694,0.003850880078971386,5.641691207885742
1143,38.11555102040816,0.6340941786766052,0.005257057957351208,15.3702392578125
1144,38.14889795918367,0.620396614074707,0.005887229926884174,29.264432907104492
1145,38.18224489795918,0.6274065375328064,0.00621552299708128,6.372488498687744
1146,38.215591836734696,0.6834962368011475,0.003349476493895054,7.070279121398926
1147,38.248938775510204,0.7326462864875793,0.005609370768070221,10.4336519241333
1148,38.28228571428571,0.6293649673461914,0.003178809769451618,9.329024314880371
1149,38.31563265306122,0.6946574449539185,0.0068935188464820385,8.918976783752441
1150,38.34897959183673,0.8334317803382874,0.011889535933732986,98.31269073486328
1151,38.38232653061225,0.7316558361053467,0.01732492633163929,9.73786735534668
1152,38.415673469387755,0.754085898399353,0.00485773291438818,8.405616760253906
1153,38.449020408163264,0.8735879063606262,0.007981570437550545,28.775012969970703
1154,38.48236734693877,0.8132367730140686,0.007648616097867489,9.457260131835938
1155,38.51571428571428,0.8762085437774658,0.010066854767501354,11.775705337524414
1156,38.5490612244898,0.931050717830658,0.015317054465413094,12.091063499450684
1157,38.582408163265306,0.9386057257652283,0.02441447600722313,10.898130416870117
1158,38.615755102040815,0.8506987690925598,0.007642711512744427,17.980831146240234
1159,38.649102040816324,0.8562689423561096,0.012538617476820946,17.576229095458984
1160,38.68244897959183,0.8939027786254883,0.01743863895535469,7.711625576019287
1161,38.71579591836735,0.9326927661895752,0.01979406364262104,6.625072002410889
1162,38.74914285714286,0.9721569418907166,0.014296181499958038,27.229284286499023
1163,38.782489795918366,0.9710395336151123,0.02175135165452957,16.10712242126465
1164,38.815836734693875,0.9350561499595642,0.019204111769795418,14.615793228149414
1165,38.84918367346938,0.8695441484451294,0.01382153108716011,6.041385650634766
1166,38.8825306122449,0.9406996965408325,0.019165195524692535,10.732481956481934
1167,38.91587755102041,0.9914957880973816,0.018592052161693573,6.72094202041626
1168,38.94922448979592,0.990315318107605,0.018715601414442062,6.351099014282227
1169,38.982571428571426,0.8777449131011963,0.024320419877767563,5.825047492980957
1170,39.015918367346934,0.9275038838386536,0.026208631694316864,5.959858417510986
1171,39.04926530612245,0.9582712650299072,0.021561510860919952,6.146878719329834
1172,39.08261224489796,0.9248164296150208,0.02203265205025673,6.028738021850586
1173,39.11595918367347,0.9543738961219788,0.027828650549054146,6.077137470245361
1174,39.14930612244898,0.9515000581741333,0.015365483239293098,6.171563148498535
1175,39.18265306122449,0.9836871027946472,0.012862063944339752,6.542412281036377
1176,39.216,1.0395766496658325,0.01540888100862503,6.855425834655762
1177,39.24934693877551,1.061255693435669,0.02080562524497509,11.144947052001953
1178,39.28269387755102,1.10663902759552,0.010425364598631859,7.317526340484619
1179,39.31604081632653,1.135633945465088,0.011977137997746468,7.403750896453857
1180,39.34938775510204,1.1073668003082275,0.018083395436406136,7.388182163238525
1181,39.38273469387755,1.0861097574234009,0.006503519602119923,7.074620246887207
1182,39.41608163265306,0.9894070029258728,0.007835811004042625,6.573599815368652
1183,39.44942857142857,0.9026802778244019,0.013525715097784996,6.14967155456543
1184,39.48277551020408,0.8813374638557434,0.013200405053794384,5.938748836517334
1185,39.516122448979594,0.9362772703170776,0.019658278673887253,6.210325241088867
1186,39.5494693877551,0.8814616799354553,0.02475312352180481,5.785579681396484
1187,39.58281632653061,0.8740103244781494,0.01290119905024767,5.87430477142334
1188,39.61616326530612,0.8794243931770325,0.022236112505197525,5.832042217254639
1189,39.64951020408163,0.839053750038147,0.02251533418893814,5.221208095550537
1190,39.682857142857145,0.8992102146148682,0.01546683069318533,5.677204608917236
1191,39.716204081632654,0.8291914463043213,0.0065172575414180756,5.680602073669434
1192,39.74955102040816,0.7345584630966187,0.01963706873357296,5.937842845916748
1193,39.78289795918367,0.6938341856002808,0.01568131521344185,7.315196514129639
1194,39.81624489795918,0.5726824402809143,0.020658442750573158,6.16945219039917
1195,39.849591836734696,0.3600815534591675,0.0040126037783920765,5.150872230529785
1196,39.882938775510205,0.2320554554462433,0.00637848163023591,5.299407958984375
1197,39.91628571428571,0.06763715296983719,0.001987315248697996,12.747638702392578
1198,39.94963265306122,0.05889498442411423,0.0002986797480843961,11.806946754455566
1199,39.98297959183673,0.05783785879611969,0.0027720225043594837,1.6942931413650513
1200,40.01632653061225,0.09560699760913849,0.005684875883162022,14.581913948059082
1201,40.049673469387756,0.0385802686214447,0.004031970165669918,1.6160850524902344
1202,40.083020408163264,0.010469078086316586,4.2920794385281624e-07,1.103474736213684
1203,40.11636734693877,0.011618180200457573,3.07860245811753e-05,0.8541325330734253
1204,40.14971428571428,0.02018955908715725,0.00048006640281528234,1.3222119808197021
1205,40.1830612244898,0.021077126264572144,0.0003275033086538315,1.1317998170852661
1206,40.21640816326531,0.04124419018626213,0.0009279294172301888,1.385291337966919
1207,40.249755102040815,0.036975957453250885,0.0020858258940279484,1.016982913017273
1208,40.283102040816324,0.016333889216184616,0.0004963993560522795,1.271260142326355
1209,40.31644897959183,0.049524709582328796,0.001565501093864441,5.900332450866699
1210,40.34979591836735,0.06852904707193375,0.009286850690841675,4.9679670333862305
1211,40.38314285714286,0.015057736076414585,3.830683397154644e-07,1.3500179052352905
1212,40.416489795918366,0.01214619167149067,7.494406872865511e-08,1.3372704982757568
1213,40.449836734693875,0.019348599016666412,3.4660592973523308e-06,0.9234656095504761
1214,40.483183673469384,0.08689829707145691,0.0009776821825653315,1.5772870779037476
1215,40.5165306122449,0.053830429911613464,0.0008373680175282061,1.5302501916885376
1216,40.54987755102041,0.020230984315276146,0.00011608176282607019,1.6162291765213013
1217,40.58322448979592,0.03783559426665306,6.18198755546473e-05,1.692237138748169
1218,40.616571428571426,0.12436845898628235,0.000986185623332858,1.523999571800232
1219,40.649918367346935,0.02799830213189125,5.442196561489254e-05,1.1996190547943115
1220,40.68326530612245,0.022981863468885422,2.0688054064521566e-05,1.5888389348983765
1221,40.71661224489796,0.14136634767055511,0.004206011537462473,1.6325021982192993
1222,40.74995918367347,0.1260404884815216,0.0011774514568969607,1.6152883768081665
1223,40.78330612244898,0.09448405355215073,0.0023147647734731436,1.6584829092025757
1224,40.816653061224486,0.2494494915008545,0.0048797777853906155,2.995626449584961
1225,40.85,0.54727703332901,0.012425277382135391,3.18276047706604
1226,40.88334693877551,0.4332379102706909,0.012790359556674957,3.408784866333008
1227,40.91669387755102,0.47059017419815063,0.004994607530534267,4.875782489776611
1228,40.95004081632653,0.7553293108940125,0.00481718685477972,3.9065797328948975
1229,40.98338775510204,0.8425240516662598,0.011217251420021057,4.197347640991211
1230,41.01673469387755,0.9975929260253906,0.008002212271094322,4.921558856964111
1231,41.05008163265306,1.0167032480239868,0.020404234528541565,5.070324897766113
1232,41.08342857142857,1.0490667819976807,0.013889608904719353,5.322699069976807
1233,41.11677551020408,1.2344839572906494,0.010753786191344261,5.834367752075195
1234,41.15012244897959,1.1419637203216553,0.012696616351604462,5.958683967590332
1235,41.1834693877551,1.208158016204834,0.012336824089288712,5.6906328201293945
1236,41.21681632653061,1.1569238901138306,0.02674400806427002,5.614152431488037
1237,41.25016326530612,1.2094446420669556,0.015063855797052383,5.81246280670166
1238,41.28351020408163,1.1959620714187622,0.009350033476948738,6.055419445037842
1239,41.316857142857145,1.1646668910980225,0.026075579226017,6.175746440887451
1240,41.350204081632654,1.2290441989898682,0.004457670263946056,6.1716718673706055
1241,41.38355102040816,1.1723790168762207,0.014786978252232075,6.348588466644287
1242,41.41689795918367,1.3863022327423096,0.012172473594546318,7.432544231414795
1243,41.45024489795918,1.4315434694290161,0.011987692676484585,7.455613613128662
1244,41.483591836734696,1.4389569759368896,0.014163220301270485,7.6121625900268555
1245,41.516938775510205,1.556233286857605,0.019906800240278244,8.237072944641113
1246,41.550285714285714,1.5403316020965576,0.02107544243335724,8.018403053283691
1247,41.58363265306122,1.5209641456604004,0.018242551013827324,7.946329593658447
1248,41.61697959183673,1.605832576751709,0.0198744535446167,11.352519035339355
1249,41.65032653061225,1.5583091974258423,0.022147588431835175,11.548185348510742
1250,41.683673469387756,1.5297646522521973,0.027544215321540833,13.55475902557373
1251,41.717020408163265,1.4870131015777588,0.022237174212932587,8.084601402282715
1252,41.75036734693877,1.4495790004730225,0.02819489687681198,7.968166351318359
1253,41.78371428571428,1.5242828130722046,0.02586592733860016,8.616613388061523
1254,41.8170612244898,1.5078333616256714,0.031440380960702896,8.165797233581543
1255,41.85040816326531,1.4453504085540771,0.029684077948331833,7.3183417320251465
1256,41.883755102040816,1.4182286262512207,0.03465786576271057,7.435880661010742
1257,41.917102040816324,1.4362156391143799,0.03189782053232193,7.317271709442139
1258,41.95044897959183,1.3327151536941528,0.0346241369843483,6.775112628936768
1259,41.98379591836735,1.3954620361328125,0.03852936625480652,7.0417585372924805
1260,42.01714285714286,1.6398544311523438,0.02800273895263672,15.464967727661133
1261,42.05048979591837,1.5742361545562744,0.03217198699712753,8.189681053161621
1262,42.083836734693875,1.4217535257339478,0.03062688373029232,7.387512683868408
1263,42.117183673469384,1.5363932847976685,0.03513912484049797,9.578136444091797
1264,42.1505306122449,1.6960654258728027,0.030773542821407318,8.324530601501465
1265,42.18387755102041,1.6821428537368774,0.03254106268286705,14.415592193603516
1266,42.21722448979592,1.7812665700912476,0.028533585369586945,10.153000831604004
1267,42.250571428571426,1.9458612203598022,0.026515547186136246,10.102038383483887
1268,42.283918367346935,1.8116438388824463,0.030440308153629303,28.696943283081055
1269,42.31726530612245,1.7118630409240723,0.027956515550613403,13.61977481842041
1270,42.35061224489796,1.7037380933761597,0.017350468784570694,11.383627891540527
1271,42.38395918367347,1.6345847845077515,0.027399614453315735,10.992471694946289
1272,42.41730612244898,1.6184359788894653,0.03133255988359451,10.661951065063477
1273,42.450653061224486,1.500709056854248,0.03350713476538658,9.429749488830566
1274,42.484,1.4158692359924316,0.02705521695315838,11.352476119995117
1275,42.51734693877551,1.3260077238082886,0.035759538412094116,11.159656524658203
1276,42.55069387755102,0.9606651663780212,0.03157739341259003,6.949263095855713
1277,42.58404081632653,0.5111700296401978,0.03003200888633728,4.642984390258789
1278,42.61738775510204,0.30661842226982117,0.024498991668224335,3.950944662094116
1279,42.65073469387755,0.10015228390693665,0.006329883821308613,3.24021315574646
1280,42.68408163265306,0.06871236860752106,0.0037834097165614367,3.141616106033325
1281,42.71742857142857,0.1026596650481224,0.005424009636044502,3.891213893890381
1282,42.75077551020408,0.0650615394115448,0.0034976094029843807,2.7995753288269043
1283,42.78412244897959,0.05852144956588745,0.002401293022558093,4.042619705200195
1284,42.817469387755104,0.05084232613444328,0.002178353723138571,3.9888885021209717
1285,42.85081632653061,0.05712246894836426,0.001831183908507228,3.8395278453826904
1286,42.88416326530612,0.03819063678383827,0.001155439531430602,2.336808681488037
1287,42.91751020408163,0.07282151281833649,0.0026826858520507812,3.275319814682007
1288,42.95085714285714,0.05325891450047493,0.0014967027818784118,4.58408260345459
1289,42.984204081632654,0.07193802297115326,0.003500835271552205,3.087782621383667
1290,43.01755102040816,0.06844237446784973,0.005133528728038073,3.323235273361206
1291,43.05089795918367,0.0778031051158905,0.01030461210757494,2.1525983810424805
1292,43.08424489795918,0.047160182148218155,0.003977678716182709,3.017503261566162
1293,43.11759183673469,0.04757770895957947,0.008492060005664825,2.532052755355835
1294,43.150938775510205,0.06212688237428665,0.004287512041628361,1.2836493253707886
1295,43.184285714285714,0.09463384747505188,0.007656731177121401,1.7112812995910645
1296,43.21763265306122,0.14166590571403503,0.013813926838338375,1.4326807260513306
1297,43.25097959183673,0.19598831236362457,0.0017781131900846958,1.9445183277130127
1298,43.28432653061224,0.6033308506011963,0.03344150632619858,4.6087236404418945
1299,43.317673469387756,0.7321744561195374,0.0026697595603764057,7.529629707336426
1300,43.351020408163265,0.8489696383476257,0.0016038916073739529,15.013631820678711
1301,43.384367346938774,0.8958094120025635,0.002217387780547142,6.598108291625977
1302,43.41771428571428,1.0086718797683716,0.0037623990792781115,5.3739495277404785
1303,43.45106122448979,1.069406270980835,0.02042200416326523,11.356595039367676
1304,43.48440816326531,1.0077863931655884,0.013977141119539738,7.753194808959961
1305,43.517755102040816,1.0971181392669678,0.01796405017375946,8.885119438171387
1306,43.551102040816325,1.0385905504226685,0.018813198432326317,7.501336574554443
1307,43.58444897959183,1.186464786529541,0.011735308915376663,10.865763664245605
1308,43.61779591836735,1.2179464101791382,0.018873438239097595,12.372581481933594
1309,43.65114285714286,1.212235927581787,0.012586964294314384,6.2700886726379395
1310,43.68448979591837,1.2902079820632935,0.014228923246264458,13.11329460144043
1311,43.717836734693876,1.375257134437561,0.020040445029735565,18.091949462890625
1312,43.751183673469384,1.399047613143921,0.012784452177584171,7.288533687591553
1313,43.7845306122449,1.4018181562423706,0.023060381412506104,7.387617588043213
1314,43.81787755102041,1.5509798526763916,0.023024095222353935,16.901826858520508
1315,43.85122448979592,1.5558991432189941,0.01722933165729046,13.853165626525879
1316,43.88457142857143,1.6030913591384888,0.027452468872070312,8.634846687316895
1317,43.917918367346935,1.5392686128616333,0.040005072951316833,8.446466445922852
1318,43.95126530612245,1.5235495567321777,0.027709949761629105,8.351881980895996
1319,43.98461224489796,1.5676779747009277,0.018659504130482674,8.84298038482666
1320,44.01795918367347,1.5575966835021973,0.028406810015439987,9.214760780334473
1321,44.05130612244898,1.5402588844299316,0.028679393231868744,10.81713581085205
1322,44.084653061224486,1.4982362985610962,0.019724668934941292,10.848873138427734
1323,44.118,1.4073843955993652,0.0287165604531765,10.284835815429688
1324,44.15134693877551,1.4423160552978516,0.025045353919267654,11.914897918701172
1325,44.18469387755102,1.496665358543396,0.03418262302875519,11.856836318969727
1326,44.21804081632653,1.4652860164642334,0.03223761171102524,11.793824195861816
1327,44.25138775510204,1.4556111097335815,0.026601500809192657,11.789840698242188
1328,44.28473469387755,1.3830695152282715,0.024534210562705994,10.539785385131836
1329,44.31808163265306,1.315813660621643,0.011569025926291943,10.971307754516602
1330,44.35142857142857,1.3719507455825806,0.019874131307005882,11.157989501953125
1331,44.38477551020408,1.277483344078064,0.019712425768375397,11.205852508544922
1332,44.41812244897959,1.1803128719329834,0.02146349474787712,10.426214218139648
1333,44.451469387755104,1.281144618988037,0.022905629128217697,11.223424911499023
1334,44.48481632653061,1.207710862159729,0.01505251694470644,11.449682235717773
1335,44.51816326530612,1.2189631462097168,0.019365504384040833,10.513457298278809
1336,44.55151020408163,1.260951280593872,0.016905194148421288,11.201309204101562
1337,44.58485714285714,1.2234537601470947,0.014821695163846016,11.037900924682617
1338,44.618204081632655,1.2568325996398926,0.01731986552476883,11.970303535461426
1339,44.651551020408164,1.1564908027648926,0.015064412727952003,7.552445411682129
1340,44.68489795918367,1.1826281547546387,0.016026563942432404,7.615045547485352
1341,44.71824489795918,1.1360827684402466,0.011349286884069443,7.874817371368408
1342,44.75159183673469,1.0744757652282715,0.01403525285422802,15.604496955871582
1343,44.784938775510206,0.9927353262901306,0.01480261143296957,7.110940456390381
1344,44.818285714285715,1.0233290195465088,0.01289786584675312,7.290005683898926
1345,44.85163265306122,0.9929620027542114,0.010240667499601841,7.176810264587402
1346,44.88497959183673,0.9656678438186646,0.012410992756485939,7.19521951675415
1347,44.91832653061224,1.028794765472412,0.00953827053308487,7.612061500549316
1348,44.95167346938776,1.051881194114685,0.008599119260907173,7.514245986938477
1349,44.985020408163265,1.0481531620025635,0.009308110922574997,38.38912582397461
1350,45.018367346938774,0.9719822406768799,0.008424706757068634,7.041090488433838
1351,45.05171428571428,0.9897547960281372,0.006229969672858715,7.221799373626709
1352,45.08506122448979,0.978735625743866,0.007376546040177345,7.093416213989258
1353,45.11840816326531,0.9263831377029419,0.006165900733321905,10.484357833862305
1354,45.151755102040816,0.9212983250617981,0.005564243532717228,7.0745697021484375
1355,45.185102040816325,0.8990890979766846,0.005643386859446764,7.261656761169434
1356,45.218448979591834,0.8308219909667969,0.004466509912163019,7.616572856903076
1357,45.25179591836734,0.7196493148803711,0.004236935172230005,7.52229642868042
1358,45.28514285714286,0.6872228384017944,0.0018764464184641838,7.148456573486328
1359,45.31848979591837,0.6368330717086792,0.002828590339049697,7.182775497436523
1360,45.351836734693876,0.5886299014091492,0.0033862264826893806,7.05223274230957
1361,45.385183673469385,0.5826697945594788,0.0026184427551925182,32.93873596191406
1362,45.41853061224489,0.5883059501647949,0.002352433744817972,8.096355438232422
1363,45.45187755102041,0.4436427056789398,0.002207986544817686,6.133236408233643
1364,45.48522448979592,0.48802322149276733,0.0022136473562568426,6.108936786651611
1365,45.51857142857143,0.4826286733150482,0.002513897605240345,6.089046478271484
1366,45.551918367346936,0.44877105951309204,0.0015686189290136099,13.99457836151123
1367,45.585265306122444,0.4473065137863159,0.002204978372901678,5.312801837921143
1368,45.61861224489796,0.455492228269577,0.0022081518545746803,67.64159393310547
1369,45.65195918367347,0.40412792563438416,0.0017591246869415045,10.311885833740234
1370,45.68530612244898,0.3882163166999817,0.0013888340909034014,6.662703514099121
1371,45.71865306122449,0.3338610827922821,0.0010689140763133764,6.904788494110107
1372,45.752,0.34761425852775574,0.0014024635311216116,5.489913463592529
1373,45.78534693877551,0.3535698652267456,0.0016881143674254417,6.420993328094482
1374,45.81869387755102,0.35710597038269043,0.0014702167827636003,35.28287887573242
1375,45.85204081632653,0.2972460985183716,0.0012405141023918986,4.057603359222412
1376,45.88538775510204,0.29135647416114807,0.001691677374765277,4.049652099609375
1377,45.91873469387755,0.2992349863052368,0.0016709283227100968,6.188490867614746
1378,45.95208163265306,0.25293493270874023,0.0010437753517180681,13.252769470214844
1379,45.98542857142857,0.19183003902435303,0.0004812618135474622,2.9885082244873047
1380,46.01877551020408,0.24389784038066864,0.0012498191790655255,7.880569934844971
1381,46.05212244897959,0.22388969361782074,0.0007571489550173283,3.4043188095092773
1382,46.085469387755104,0.24561087787151337,0.0007020573830232024,4.483740329742432
1383,46.11881632653061,0.29321226477622986,0.0012004149612039328,6.0295610427856445
1384,46.15216326530612,0.2733965814113617,0.0012258663773536682,4.414804458618164
1385,46.18551020408163,0.24904407560825348,0.0006402874132618308,5.078049659729004
1386,46.21885714285714,0.2521718144416809,0.0007458484033122659,7.095272064208984
1387,46.252204081632655,0.3065274953842163,0.0020397608168423176,5.27099609375
1388,46.285551020408164,0.30488884449005127,0.0003267094143666327,71.65760040283203
1389,46.31889795918367,0.2855628728866577,0.0005079030524939299,38.24802780151367
1390,46.35224489795918,0.2903285324573517,0.0002425445127300918,82.09648895263672
1391,46.38559183673469,0.31083571910858154,0.0004817368753720075,81.32678985595703
1392,46.418938775510206,0.32181960344314575,0.000733735563699156,120.33721923828125
1393,46.452285714285715,0.35508644580841064,0.0012324494309723377,76.57383728027344
1394,46.485632653061224,0.20759113132953644,0.0005759623018093407,8.809774398803711
1395,46.51897959183673,0.2632702589035034,0.0009159749024547637,12.587766647338867
1396,46.55232653061224,0.22679489850997925,0.0007434777216985822,12.438660621643066
1397,46.58567346938776,0.17766840755939484,0.0004631499177776277,4.823389530181885
1398,46.619020408163266,0.18800969421863556,0.00028532586293295026,4.558223724365234
1399,46.652367346938775,0.1852750927209854,0.000505146337673068,5.98399543762207
1400,46.68571428571428,0.17074862122535706,0.0002787535195238888,4.246757984161377
1401,46.71906122448979,0.19953039288520813,0.0009050823282450438,5.12939977645874
1402,46.75240816326531,0.20782886445522308,0.0007761036977171898,30.649967193603516
1403,46.78575510204082,0.21145477890968323,0.0004852901620324701,60.30730056762695
1404,46.819102040816325,0.171626478433609,0.00015425024321302772,49.50770950317383
1405,46.852448979591834,0.2049361765384674,0.0008447538712061942,49.062782287597656
1406,46.88579591836734,0.19273564219474792,0.0009478857391513884,4.825655460357666
1407,46.91914285714286,0.1465941071510315,0.00016317242989316583,36.068092346191406
1408,46.95248979591837,0.1738620549440384,0.00036578113213181496,4.191009998321533
1409,46.985836734693876,0.1727886199951172,0.00028217738145031035,6.238183498382568
1410,47.019183673469385,0.18848593533039093,0.00028068284154869616,4.877999782562256
1411,47.052530612244894,0.19814170897006989,0.0002749103878159076,5.800774097442627
1412,47.08587755102041,0.19910365343093872,0.00024075373949017376,5.53308629989624
1413,47.11922448979592,0.19275228679180145,0.000674511247780174,17.26712989807129
1414,47.15257142857143,0.17077216506004333,0.0003343606076668948,4.455859661102295
1415,47.185918367346936,0.1249304860830307,0.00015222057118080556,31.88623046875
1416,47.219265306122445,0.13586150109767914,0.00020299121388234198,3.3757472038269043
1417,47.25261224489796,0.1628362536430359,0.0014822673983871937,5.690840244293213
1418,47.28595918367347,0.1821853369474411,0.00016210506146308035,156.8502960205078
1419,47.31930612244898,0.09991710633039474,0.00013433885760605335,4.608429908752441
1420,47.35265306122449,0.15029898285865784,3.486023342702538e-05,141.20103454589844
1421,47.385999999999996,0.1576230227947235,0.00011459861707407981,137.4165496826172
1422,47.41934693877551,0.10569026321172714,6.26466644462198e-05,91.31519317626953
1423,47.45269387755102,0.10116663575172424,2.2613474357058294e-05,112.12720489501953
1424,47.48604081632653,0.15430162847042084,0.00043442484457045794,109.69412994384766
1425,47.51938775510204,0.09828909486532211,0.0008531459607183933,6.791347503662109
1426,47.55273469387755,0.13945163786411285,0.0006390662747435272,63.589664459228516
1427,47.58608163265306,0.1342395395040512,0.00048556760884821415,32.40519714355469
1428,47.61942857142857,0.11430054157972336,0.0006832495564594865,8.555218696594238
1429,47.65277551020408,0.02602839283645153,0.00017527258023619652,2.399327039718628
1430,47.68612244897959,0.05622025206685066,0.00011951207125093788,5.012548923492432
1431,47.7194693877551,0.08575771749019623,0.00034969492116943,5.065577030181885
1432,47.75281632653061,0.04510550945997238,0.0003295087371952832,3.7512316703796387
1433,47.78616326530612,0.05055166408419609,0.00025022862246260047,3.5236639976501465
1434,47.81951020408163,0.09874153882265091,0.0003337489324621856,5.107799053192139
1435,47.85285714285714,0.07546781748533249,0.0008443485712632537,11.582383155822754
1436,47.88620408163265,0.04044114425778389,0.0004041912907268852,1.578933596611023
1437,47.919551020408164,0.03262452781200409,0.00031029636738821864,0.9239970445632935
1438,47.95289795918367,0.04575870931148529,1.7540747649036348e-05,3.2691032886505127
1439,47.98624489795918,0.03243662789463997,1.3761720765614882e-05,3.1273934841156006
1440,48.01959183673469,0.05942108854651451,0.00015044267638586462,2.49235463142395
1441,48.052938775510206,0.11332448571920395,9.076322021428496e-05,5.340560436248779
1442,48.086285714285715,0.08157272636890411,9.821482308325358e-06,3.3284974098205566
1443,48.119632653061224,0.06847020983695984,4.095581971341744e-05,2.36836314201355
1444,48.15297959183673,0.06656558811664581,6.353253411361948e-05,3.2857439517974854
1445,48.18632653061224,0.0597342923283577,1.0856991139007732e-05,5.123597145080566
1446,48.21967346938776,0.13015328347682953,0.0021580257453024387,8.71682071685791
1447,48.253020408163266,0.2723928689956665,0.0003966365475207567,219.88308715820312
1448,48.286367346938775,0.0657138079404831,3.4579446946736425e-05,42.68629837036133
1449,48.319714285714284,0.09705714136362076,0.00010192338959313929,43.481773376464844
1450,48.35306122448979,0.06020807474851608,2.1309248040779494e-05,4.9000678062438965
1451,48.38640816326531,0.08866420388221741,9.9830751423724e-05,3.118025779724121
1452,48.41975510204082,0.06285244971513748,4.187326703686267e-05,3.3040058612823486
1453,48.453102040816326,0.037157196551561356,4.177826485829428e-05,4.849260330200195
1454,48.486448979591835,0.03587571904063225,4.89821468363516e-05,3.312058448791504
1455,48.51979591836734,0.040320590138435364,1.88571066246368e-05,2.9865784645080566
1456,48.55314285714286,0.12130074948072433,0.00022602983517572284,12.701685905456543
1457,48.58648979591837,0.10940174013376236,0.0005560739664360881,4.204026699066162
1458,48.61983673469388,0.09465474635362625,0.00029722676845267415,4.979184150695801
1459,48.653183673469385,0.06920405477285385,4.524835821939632e-05,6.475464344024658
1460,48.686530612244894,0.07546058297157288,0.00021230828133411705,4.98889684677124
1461,48.71987755102041,0.07499226927757263,0.00011507660383358598,3.7770118713378906
1462,48.75322448979592,0.0592147633433342,0.0001120266824727878,5.293666362762451
1463,48.78657142857143,0.05871082842350006,0.0003768688766285777,6.0857086181640625
1464,48.819918367346936,0.09446839988231659,0.0005369414575397968,5.132627487182617
1465,48.853265306122445,0.07396824657917023,0.0011744019575417042,4.125338554382324
1466,48.88661224489796,0.12421557307243347,0.00034832744859158993,90.88888549804688
1467,48.91995918367347,0.19796612858772278,0.0007199880201369524,99.2790756225586
1468,48.95330612244898,0.2877049744129181,0.001845110789872706,100.47574615478516
1469,48.98665306122449,0.16642604768276215,0.002255010884255171,3.099050283432007
